date,time,Ax,Ay,Az,Gx,Gy,Gz
2025-02-07,14:15:13.00,-0.88,-0.48,0.09,-26.43,-11.29,-4.52
2025-02-07,14:15:13.50,-0.80,-0.60,-0.19,-44.37,0.06,-23.80
2025-02-07,14:15:14.00,-0.76,-0.63,-0.04,60.79,5.07,6.16
2025-02-07,14:15:14.50,-0.76,-0.71,0.08,15.38,-7.69,-7.87
2025-02-07,14:15:15.00,-0.70,-0.73,0.07,6.35,-9.46,3.36
2025-02-07,14:15:15.50,-0.67,-0.78,-0.11,-22.83,3.66,-5.13
2025-02-07,14:15:16.00,-0.70,-0.67,-0.29,-35.40,-4.21,4.39
2025-02-07,14:15:16.50,-0.64,-0.65,-0.46,-26.31,13.55,-7.26
2025-02-07,14:15:17.00,-0.60,-0.63,-0.52,-0.61,-1.71,-1.59
2025-02-07,14:15:17.50,-0.58,-0.66,-0.52,0.18,2.01,-2.44
2025-02-07,14:15:18.00,-0.57,-0.65,-0.53,0.06,0.31,-0.98
2025-02-07,14:15:18.50,-0.56,-0.66,-0.58,1.46,0.18,-0.79
2025-02-07,14:15:19.00,-0.51,-0.66,-0.59,-3.11,-0.18,-2.38
2025-02-07,14:15:19.50,-0.45,-0.69,-0.59,-3.48,1.40,-1.89
2025-02-07,14:15:20.00,-0.45,-0.67,-0.61,2.44,-0.12,-1.89
2025-02-07,14:15:20.50,-0.43,-0.67,-0.61,0.12,0.31,-1.53
2025-02-07,14:15:21.00,-0.44,-0.67,-0.62,-0.18,-0.37,-0.24
2025-02-07,14:15:21.50,-0.44,-0.68,-0.62,-0.18,-0.85,0.24
2025-02-07,14:15:22.00,-0.44,-0.66,-0.62,0.73,-0.24,-0.55
2025-02-07,14:15:22.50,-0.43,-0.67,-0.62,-0.55,-0.49,-0.73
2025-02-07,14:15:23.00,-0.44,-0.67,-0.62,0.06,-0.79,-0.18
2025-02-07,14:15:23.50,-0.44,-0.66,-0.62,-0.43,-0.98,1.04
2025-02-07,14:15:24.00,-0.43,-0.66,-0.63,1.10,2.50,-3.42
2025-02-07,14:15:24.50,-0.43,-0.68,-0.63,-0.12,2.20,-1.16
2025-02-07,14:15:25.00,-0.42,-0.67,-0.64,-1.28,-1.46,-0.49
2025-02-07,14:15:25.50,-0.43,-0.68,-0.64,0.00,0.12,-0.37
2025-02-07,14:15:26.00,-0.42,-0.66,-0.62,0.67,-0.43,-1.34
2025-02-07,14:15:26.50,-0.42,-0.66,-0.62,-0.49,-0.18,0.31
2025-02-07,14:15:27.00,-0.42,-0.67,-0.63,0.06,-0.43,-0.85
2025-02-07,14:15:27.50,-0.42,-0.66,-0.62,-0.49,-0.12,0.43
2025-02-07,14:15:28.00,-0.41,-0.67,-0.64,-0.43,-1.04,0.37
2025-02-07,14:15:28.50,-0.41,-0.67,-0.63,0.06,-0.12,-0.73
2025-02-07,14:15:29.00,-0.41,-0.68,-0.63,-0.43,-0.67,-0.61
2025-02-07,14:15:29.50,-0.41,-0.68,-0.62,0.18,-0.43,-0.37
2025-02-07,14:15:30.00,-0.41,-0.67,-0.62,-0.55,-0.12,0.00
2025-02-07,14:15:30.50,-0.41,-0.68,-0.62,-0.43,-0.18,-1.28
2025-02-07,14:15:31.00,-0.40,-0.67,-0.64,0.55,-0.92,-0.49
2025-02-07,14:15:31.50,-0.40,-0.66,-0.61,0.00,-1.59,-2.01
2025-02-07,14:15:32.00,-0.41,-0.68,-0.62,0.67,-0.67,-0.92
2025-02-07,14:15:32.50,-0.40,-0.68,-0.65,-0.37,1.65,-0.67
2025-02-07,14:15:33.00,-0.38,-0.63,-0.66,-3.30,2.08,-4.03
2025-02-07,14:15:33.50,-0.33,-0.63,-0.66,0.00,1.59,-1.04
2025-02-07,14:15:34.00,-0.30,-0.71,-0.69,10.13,8.85,7.26
2025-02-07,14:15:34.50,-0.22,-0.80,-0.63,15.50,26.12,-3.91
2025-02-07,14:15:35.00,-0.14,-0.80,-0.57,-5.19,0.00,-6.35
2025-02-07,14:15:35.50,-0.10,-0.76,-0.69,-0.67,-4.82,-7.69
2025-02-07,14:15:36.00,-0.15,-0.85,-0.51,8.24,-38.27,-21.06
2025-02-07,14:15:36.50,-0.12,-0.98,-0.12,111.45,9.89,-12.27
2025-02-07,14:15:37.00,-0.09,-0.39,0.86,155.03,-36.80,36.93
2025-02-07,14:15:37.50,0.07,-0.04,1.00,3.42,2.69,2.38
2025-02-07,14:15:38.00,0.10,0.04,1.05,-22.89,6.71,0.67
2025-02-07,14:15:38.50,0.05,-0.20,0.99,-21.12,1.95,-12.70
2025-02-07,14:15:39.00,0.05,-0.54,0.84,-78.37,-7.87,10.93
2025-02-07,14:15:39.50,0.07,-0.74,0.66,-46.26,-18.86,18.68
2025-02-07,14:15:40.00,-0.05,-0.96,0.35,-51.70,3.05,9.64
2025-02-07,14:15:40.50,-0.16,-0.99,-0.13,-46.51,-3.42,11.47
2025-02-07,14:15:41.00,-0.17,-0.91,-0.44,-20.14,6.41,-1.22
2025-02-07,14:15:41.50,-0.14,-0.80,-0.57,-11.84,4.27,-0.18
2025-02-07,14:15:42.00,-0.11,-0.67,-0.74,-25.82,2.08,2.62
2025-02-07,14:15:42.50,-0.10,-0.39,-0.90,-30.64,1.04,2.87
2025-02-07,14:15:43.00,-0.11,-0.14,-0.98,-15.20,-0.73,1.71
2025-02-07,14:15:43.50,-0.11,-0.06,-0.99,-12.94,1.16,1.95
2025-02-07,14:15:44.00,-0.10,0.06,-0.99,-19.71,1.71,2.81
2025-02-07,14:15:44.50,-0.10,0.22,-0.96,-14.83,-1.71,1.40
2025-02-07,14:15:45.00,-0.13,0.43,-0.88,-20.02,-7.63,3.23
2025-02-07,14:15:45.50,-0.13,0.49,-0.87,16.05,3.60,-2.69
2025-02-07,14:15:46.00,-0.12,0.19,-0.96,0.98,4.03,2.01
2025-02-07,14:15:46.50,-0.12,-0.22,-0.97,80.38,0.73,1.22
2025-02-07,14:15:47.00,-0.13,-0.74,-0.67,29.72,0.18,-0.49
2025-02-07,14:15:47.50,-0.14,-0.96,-0.28,35.40,-2.44,-1.46
2025-02-07,14:15:48.00,-0.16,-0.98,0.28,215.39,13.00,2.50
2025-02-07,14:15:48.50,-0.14,-0.69,0.73,44.62,-4.46,-4.03
2025-02-07,14:15:49.00,-0.12,-0.44,0.88,17.09,-1.89,-2.99
2025-02-07,14:15:49.50,-0.14,-0.51,0.87,-18.80,3.36,4.64
2025-02-07,14:15:50.00,-0.16,-0.77,0.62,-31.13,-5.07,-0.73
2025-02-07,14:15:50.50,-0.14,-0.95,0.33,-16.85,-1.59,-0.18
2025-02-07,14:15:51.00,-0.12,-1.00,-0.08,-41.26,1.89,-1.95
2025-02-07,14:15:51.50,-0.10,-0.95,-0.36,-24.96,1.89,-1.10
2025-02-07,14:15:52.00,-0.08,-0.81,-0.60,-22.71,1.65,-1.04
2025-02-07,14:15:52.50,-0.06,-0.66,-0.75,-22.22,1.77,1.28
2025-02-07,14:15:53.00,-0.06,-0.39,-0.92,-86.79,1.71,4.39
2025-02-07,14:15:53.50,-0.06,0.25,-0.98,-39.43,-3.11,2.20
2025-02-07,14:15:54.00,-0.07,0.15,-1.00,20.69,1.34,-3.60
2025-02-07,14:15:54.50,0.01,-0.19,-1.00,6.84,7.39,12.70
2025-02-07,14:15:55.00,0.13,-0.63,-0.81,99.00,-3.91,13.92
2025-02-07,14:15:55.50,0.04,-1.01,0.05,151.67,10.25,3.42
2025-02-07,14:15:56.00,-0.04,-0.47,0.92,44.25,7.32,3.30
2025-02-07,14:15:56.50,-0.11,-0.29,0.97,-40.10,-4.39,6.04
2025-02-07,14:15:57.00,-0.05,-0.68,0.80,-39.49,-11.41,1.71
2025-02-07,14:15:57.50,-0.06,-1.00,0.33,-106.14,-19.10,8.79
2025-02-07,14:15:58.00,-0.08,-0.88,-0.53,-21.85,2.56,0.92
2025-02-07,14:15:58.50,-0.14,-0.87,-0.70,-22.28,-16.11,0.67
2025-02-07,14:15:59.00,-0.19,-0.63,-0.79,44.86,5.86,-5.13
2025-02-07,14:15:59.50,-0.13,-0.84,-0.54,13.00,2.50,0.92
2025-02-07,14:16:0.00,-0.13,-0.87,-0.50,4.21,1.53,0.24
2025-02-07,14:16:0.50,-0.13,-0.88,-0.48,0.85,-0.12,-0.61
2025-02-07,14:16:1.00,-0.12,-0.89,-0.44,5.92,0.61,-0.43
2025-02-07,14:16:1.50,-0.12,-0.96,-0.33,24.60,3.78,1.34
2025-02-07,14:16:2.00,-0.12,-0.99,-0.18,8.48,-0.06,0.00
2025-02-07,14:16:2.50,-0.12,-1.01,-0.06,14.10,0.61,-0.61
2025-02-07,14:16:3.00,-0.11,-0.99,0.18,19.71,-0.85,-1.34
2025-02-07,14:16:3.50,-0.11,-0.97,0.29,9.34,0.06,-0.43
2025-02-07,14:16:4.00,-0.11,-0.95,0.33,6.10,-0.85,-1.10
2025-02-07,14:16:4.50,-0.11,-0.93,0.40,-0.43,-0.37,0.00
2025-02-07,14:16:5.00,-0.11,-0.92,0.45,3.91,-0.85,-0.49
2025-02-07,14:16:5.50,-0.11,-0.85,0.56,16.24,0.79,-1.83
2025-02-07,14:16:6.00,-0.12,-0.78,0.66,6.04,-0.67,-0.06
2025-02-07,14:16:6.50,-0.12,-0.66,0.76,16.85,0.06,-0.79
2025-02-07,14:16:7.00,-0.13,-0.53,0.87,13.73,0.06,0.06
2025-02-07,14:16:7.50,-0.13,-0.35,0.94,15.01,0.55,-0.85
2025-02-07,14:16:8.00,-0.14,-0.08,1.01,7.93,0.24,-0.98
2025-02-07,14:16:8.50,-0.14,0.10,1.01,-0.37,-0.67,-2.62
2025-02-07,14:16:9.00,-0.14,0.01,1.01,-4.09,-1.40,0.61
2025-02-07,14:16:9.50,-0.13,-0.08,1.01,-8.67,-1.34,0.37
2025-02-07,14:16:10.00,-0.13,-0.22,1.00,-2.93,-0.67,-0.18
2025-02-07,14:16:10.50,-0.12,-0.52,0.86,-42.91,-2.01,-0.18
2025-02-07,14:16:11.00,-0.11,-0.77,0.68,-28.44,-0.43,-2.69
2025-02-07,14:16:11.50,-0.09,-0.93,0.36,-30.52,-0.18,-0.73
2025-02-07,14:16:12.00,-0.08,-1.01,0.12,-22.22,-1.04,-1.59
2025-02-07,14:16:12.50,-0.07,-1.00,-0.14,-28.56,-3.36,-0.98
2025-02-07,14:16:13.00,-0.07,-0.94,-0.36,-18.92,-2.32,-0.12
2025-02-07,14:16:13.50,-0.09,-0.43,-0.89,-86.43,-8.48,-3.48
2025-02-07,14:16:14.00,-0.11,-0.37,-0.92,17.94,-2.93,-3.05
2025-02-07,14:16:14.50,-0.11,-0.52,-0.84,36.07,1.46,-1.95
2025-02-07,14:16:15.00,-0.10,-0.82,-0.56,60.30,0.55,-3.48
2025-02-07,14:16:15.50,-0.09,-1.01,-0.10,55.66,-0.55,-2.87
2025-02-07,14:16:16.00,-0.09,-1.01,0.12,19.17,0.92,0.31
2025-02-07,14:16:16.50,-0.10,-0.96,0.34,4.64,0.43,-0.12
2025-02-07,14:16:17.00,-0.10,-0.94,0.44,13.61,1.10,-1.04
2025-02-07,14:16:17.50,-0.10,-0.84,0.56,19.71,0.43,-0.55
2025-02-07,14:16:18.00,-0.11,-0.72,0.70,4.33,0.12,0.12
2025-02-07,14:16:18.50,-0.15,0.00,1.02,33.02,1.40,0.12
2025-02-07,14:16:19.00,-0.15,0.20,1.00,19.41,0.55,-1.22
2025-02-07,14:16:19.50,-0.15,0.17,0.97,-19.53,-0.24,1.04
2025-02-07,14:16:20.00,-0.15,0.08,1.00,-8.61,-0.18,-0.06
2025-02-07,14:16:20.50,-0.15,-0.00,1.01,-5.19,-0.49,0.31
2025-02-07,14:16:21.00,-0.15,-0.06,1.00,-9.46,-0.85,-0.85
2025-02-07,14:16:21.50,-0.14,-0.17,1.01,-11.54,-0.67,-0.43
2025-02-07,14:16:22.00,-0.14,-0.38,0.94,-16.11,-1.59,-1.22
2025-02-07,14:16:22.50,-0.12,-0.70,0.73,-47.18,-0.92,-2.50
2025-02-07,14:16:23.00,-0.12,-0.89,0.51,-10.86,-0.92,-1.46
2025-02-07,14:16:23.50,-0.11,-0.88,0.58,19.10,-2.99,0.55
2025-02-07,14:16:24.00,-0.12,-0.64,0.79,58.35,2.81,-1.46
2025-02-07,14:16:24.50,-0.15,-0.03,1.01,-8.85,-0.24,0.18
2025-02-07,14:16:25.00,-0.15,-0.19,0.99,1.16,-1.22,0.67
2025-02-07,14:16:25.50,-0.15,-0.15,1.01,9.58,0.49,0.24
2025-02-07,14:16:26.00,-0.15,-0.13,1.01,-0.49,-1.83,-0.67
2025-02-07,14:16:26.50,-0.15,-0.16,1.01,-12.33,0.31,0.43
2025-02-07,14:16:27.00,-0.15,-0.18,1.00,-13.18,-1.40,-0.61
2025-02-07,14:16:27.50,-0.14,-0.29,0.96,-23.38,-1.16,-1.77
2025-02-07,14:16:28.00,-0.13,-0.67,0.76,-26.92,-1.04,-1.46
2025-02-07,14:16:28.50,-0.12,-0.86,0.55,-17.88,0.43,-1.77
2025-02-07,14:16:29.00,-0.11,-0.97,0.34,-39.43,-0.49,-2.01
2025-02-07,14:16:29.50,-0.09,-1.00,-0.13,-34.06,-3.30,-0.18
2025-02-07,14:16:30.00,-0.09,-0.75,-0.65,-83.56,-6.29,1.04
2025-02-07,14:16:30.50,-0.11,-0.36,-0.92,-19.17,-2.32,-0.67
2025-02-07,14:16:31.00,-0.12,-0.24,-0.95,-3.11,-0.67,-0.43
2025-02-07,14:16:31.50,-0.12,-0.21,-0.97,-2.50,-0.18,0.67
2025-02-07,14:16:32.00,-0.12,-0.19,-0.97,0.55,-0.92,-1.10
2025-02-07,14:16:32.50,-0.12,-0.18,-0.98,-0.31,-0.55,-0.37
2025-02-07,14:16:33.00,-0.12,-0.19,-0.97,-0.24,-0.73,0.18
2025-02-07,14:16:33.50,-0.12,-0.16,-0.98,-0.31,-0.37,-0.49
2025-02-07,14:16:34.00,-0.12,-0.17,-0.97,-0.18,-0.37,-0.18
2025-02-07,14:16:34.50,-0.13,-0.19,-0.96,1.65,-0.61,-0.43
2025-02-07,14:16:35.00,-0.13,-0.18,-0.97,0.73,-0.31,-0.85
2025-02-07,14:16:35.50,-0.13,-0.20,-0.97,2.14,-0.43,-0.85
2025-02-07,14:16:36.00,-0.13,-0.26,-0.94,14.40,0.85,3.48
2025-02-07,14:16:36.50,-0.13,-0.25,-0.97,7.81,-1.04,-1.40
2025-02-07,14:16:37.00,-0.14,-0.36,-0.92,6.71,-1.10,-0.92
2025-02-07,14:16:37.50,-0.14,-0.40,-0.91,3.91,-0.73,-1.40
2025-02-07,14:16:38.00,-0.14,-0.46,-0.87,2.87,-0.12,0.00
2025-02-07,14:16:38.50,-0.14,-0.46,-0.88,0.49,-0.37,-0.43
2025-02-07,14:16:39.00,-0.14,-0.46,-0.88,0.37,-0.49,-0.12
2025-02-07,14:16:39.50,-0.14,-0.44,-0.88,-0.18,-0.49,-0.61
2025-02-07,14:16:40.00,-0.14,-0.45,-0.88,-0.37,-0.55,-0.31
2025-02-07,14:16:40.50,-0.49,-0.26,-0.76,-20.81,-86.36,-31.56
2025-02-07,14:16:41.00,-0.93,-0.10,0.04,-26.79,-68.66,15.69
2025-02-07,14:16:41.50,-1.01,-0.06,0.07,2.62,4.82,-2.99
2025-02-07,14:16:42.00,-1.01,-0.02,0.05,-0.55,-0.31,2.87
2025-02-07,14:16:42.50,-1.02,-0.02,0.04,-0.06,0.12,2.01
2025-02-07,14:16:43.00,-1.01,0.02,0.03,-0.61,-0.24,0.73
2025-02-07,14:16:43.50,-1.03,0.03,0.02,0.92,0.79,0.49
2025-02-07,14:16:44.00,-1.02,0.10,0.03,0.61,2.75,3.23
2025-02-07,14:16:44.50,-1.01,0.04,-0.01,4.09,3.78,1.22
2025-02-07,14:16:45.00,-1.01,0.05,-0.09,-13.06,5.25,2.32
2025-02-07,14:16:45.50,-1.03,0.02,-0.15,-10.07,5.92,8.24
2025-02-07,14:16:46.00,-0.83,-0.20,-0.19,72.69,53.47,-8.00
2025-02-07,14:16:46.50,0.01,-1.13,-0.08,220.83,6.59,-160.22
2025-02-07,14:16:47.00,0.66,-0.85,-0.24,-26.79,-2.99,-8.18
2025-02-07,14:16:47.50,0.91,-0.43,-0.00,2.81,53.83,-35.64
2025-02-07,14:16:48.00,0.98,0.15,0.13,0.55,6.04,-33.75
2025-02-07,14:16:48.50,0.94,0.28,0.18,0.12,0.24,6.96
2025-02-07,14:16:49.00,0.95,0.33,0.16,0.37,2.44,3.91
2025-02-07,14:16:49.50,0.91,0.27,0.12,-0.61,-2.01,-2.08
2025-02-07,14:16:50.00,1.04,-0.25,-0.03,23.01,-12.27,78.12
2025-02-07,14:16:50.50,0.69,-0.81,-0.06,-13.24,-33.57,45.41
2025-02-07,14:16:51.00,0.24,-0.91,-0.18,7.32,-5.43,1.53
2025-02-07,14:16:51.50,-0.09,-0.73,0.06,-43.40,-52.06,5.92
2025-02-07,14:16:52.00,-0.17,-1.05,-0.09,-6.41,-29.97,15.81
2025-02-07,14:16:52.50,-0.35,-0.56,-0.31,-101.44,-58.47,84.23
2025-02-07,14:16:53.00,-0.63,-0.71,-0.48,-1.77,-4.15,67.02
2025-02-07,14:16:53.50,-0.97,-0.26,-0.27,17.21,-21.85,34.36
2025-02-07,14:16:54.00,-1.01,0.14,0.09,76.11,-29.85,46.45
2025-02-07,14:16:54.50,-0.73,0.46,0.42,-1.46,-50.90,36.01
2025-02-07,14:16:55.00,-0.28,0.51,0.72,-30.15,-43.09,42.30
2025-02-07,14:16:55.50,0.16,0.32,0.96,-12.02,-22.28,3.91
2025-02-07,14:16:56.00,0.35,0.25,0.95,-3.48,6.10,1.34
2025-02-07,14:16:56.50,0.20,0.23,0.94,1.34,20.75,-11.05
2025-02-07,14:16:57.00,-0.14,0.31,1.01,1.59,37.17,-10.68
2025-02-07,14:16:57.50,-0.65,0.18,0.71,-24.90,68.48,-17.21
2025-02-07,14:16:58.00,-0.95,-0.11,0.34,-44.43,36.44,-9.40
2025-02-07,14:16:58.50,-0.97,-0.18,0.03,-59.94,36.07,12.08
2025-02-07,14:16:59.00,-0.92,-0.10,-0.40,-6.84,21.61,-4.64
2025-02-07,14:16:59.50,-0.83,-0.31,-0.47,13.98,11.23,-2.44
2025-02-07,14:17:0.00,-0.74,-0.31,-0.65,-41.02,7.02,-17.94
2025-02-07,14:17:0.50,-0.41,0.04,-0.93,-8.36,28.63,52.86
2025-02-07,14:17:1.00,-0.12,-0.24,-0.95,2.87,20.20,11.05
2025-02-07,14:17:1.50,-0.09,-0.41,-0.89,19.10,18.13,6.53
2025-02-07,14:17:2.00,0.09,-0.46,-0.88,6.16,21.73,0.67
2025-02-07,14:17:2.50,0.14,-0.60,-0.81,0.18,-12.45,-17.94
2025-02-07,14:17:3.00,0.15,-0.58,-0.88,7.02,-15.01,-21.18
2025-02-07,14:17:3.50,0.13,-0.61,-0.83,-3.23,-21.91,-36.19
2025-02-07,14:17:4.00,0.01,-0.60,-0.76,5.07,-0.43,-6.47
2025-02-07,14:17:4.50,0.02,-0.69,-0.72,0.79,-14.28,-15.44
2025-02-07,14:17:5.00,0.02,-0.64,-0.76,6.23,5.86,11.23
2025-02-07,14:17:5.50,0.00,-0.69,-0.72,2.69,4.70,-0.61
2025-02-07,14:17:6.00,-0.00,-0.65,-0.74,1.04,2.44,-1.28
2025-02-07,14:17:6.50,-0.00,-0.69,-0.72,-4.39,-7.14,-1.34
2025-02-07,14:17:7.00,-0.04,-0.66,-0.77,-18.74,-11.05,-13.67
2025-02-07,14:17:7.50,-0.07,-0.67,-0.77,1.16,-0.55,3.05
2025-02-07,14:17:8.00,-0.08,-0.67,-0.76,-2.20,-6.41,-5.13
2025-02-07,14:17:8.50,-0.10,-0.64,-0.75,1.65,0.98,-0.18
2025-02-07,14:17:9.00,-0.11,-0.68,-0.71,-0.43,-6.29,3.85
2025-02-07,14:17:9.50,-0.16,-0.69,-0.76,-4.33,-10.19,1.34
2025-02-07,14:17:10.00,-0.26,-0.64,-0.69,-2.99,1.28,-0.06
2025-02-07,14:17:10.50,-0.28,-0.63,-0.76,-8.00,-7.57,-4.39
2025-02-07,14:17:11.00,-0.30,-0.62,-0.74,-2.08,-4.21,-3.30
2025-02-07,14:17:11.50,-0.41,-0.59,-0.69,-2.14,-15.26,9.16
2025-02-07,14:17:12.00,-0.55,-0.42,-0.73,-7.45,-19.78,15.20
2025-02-07,14:17:12.50,-0.74,-0.39,-0.69,8.24,-19.90,24.41
2025-02-07,14:17:13.00,-0.92,-0.06,-0.38,-119.75,-62.87,-20.75
2025-02-07,14:17:13.50,-0.95,-0.18,0.25,-158.02,-70.62,-23.38
2025-02-07,14:17:14.00,-0.78,-0.52,0.00,-83.50,-7.93,74.52
2025-02-07,14:17:14.50,-0.79,-0.36,-0.43,87.40,54.38,-25.21
2025-02-07,14:17:15.00,-0.10,-0.82,-0.84,106.87,109.01,-32.59
2025-02-07,14:17:15.50,3.02,-3.25,-1.17,37.96,-152.10,500.00
2025-02-07,14:17:16.00,-0.14,0.05,-1.15,7.14,9.64,6.23
2025-02-07,14:17:16.50,-0.01,-0.06,-1.05,23.25,1.65,-2.50
2025-02-07,14:17:17.00,-0.07,-0.12,-1.05,-1.95,-5.25,5.49
2025-02-07,14:17:17.50,-0.30,-0.14,-1.11,-31.13,-53.53,-1.04
2025-02-07,14:17:18.00,-0.30,0.02,-1.00,43.95,61.34,112.49
2025-02-07,14:17:18.50,-0.48,0.09,-0.64,37.90,1.46,7.75
2025-02-07,14:17:19.00,-0.40,-0.07,-0.64,18.62,-12.02,60.55
2025-02-07,14:17:19.50,-0.47,0.69,-0.87,-87.65,-50.29,-128.36
2025-02-07,14:17:20.00,-0.49,0.36,-0.84,-36.87,2.69,-87.04
2025-02-07,14:17:20.50,0.16,-0.34,-0.87,18.25,127.69,67.02
2025-02-07,14:17:21.00,0.09,-0.09,-0.88,-24.90,-3.36,48.71
2025-02-07,14:17:21.50,0.10,-0.23,-0.94,-0.49,-1.46,-4.09
2025-02-07,14:17:22.00,0.13,-0.24,-0.98,-5.98,0.12,-5.74
2025-02-07,14:17:22.50,0.12,-0.27,-0.97,-4.70,-2.14,-5.37
2025-02-07,14:17:23.00,0.13,-0.25,-0.98,-1.16,-1.71,-1.71
2025-02-07,14:17:23.50,0.14,-0.26,-0.97,2.38,3.30,-0.31
2025-02-07,14:17:24.00,0.14,-0.26,-0.94,2.69,1.89,-1.83
2025-02-07,14:17:24.50,0.16,-0.30,-0.96,1.71,0.85,0.37
2025-02-07,14:17:25.00,0.16,-0.26,-0.95,2.20,0.24,-1.04
2025-02-07,14:17:25.50,0.16,-0.25,-0.93,2.69,1.10,-1.53
2025-02-07,14:17:26.00,0.19,-0.24,-0.92,-3.60,14.16,-9.83
2025-02-07,14:17:26.50,4.00,-0.85,1.50,-200.01,-1047.91,-561.16
2025-02-07,14:17:27.00,0.40,-0.21,-0.52,9.34,-14.40,279.85
2025-02-07,14:17:27.50,0.27,-0.48,-0.90,0.24,27.77,7.51
2025-02-07,14:17:28.00,0.26,-0.46,-0.84,1.71,1.77,0.31
2025-02-07,14:17:28.50,0.24,-0.50,-0.84,-0.49,-2.50,-0.73
2025-02-07,14:17:29.00,0.24,-0.50,-0.85,1.59,-3.97,1.34
2025-02-07,14:17:29.50,0.24,-0.44,-0.84,2.32,-1.46,-2.69
2025-02-07,14:17:30.00,0.33,-0.73,-0.77,36.62,40.59,51.70
2025-02-07,14:17:30.50,-0.20,-0.93,-1.00,-68.05,-156.25,103.33
2025-02-07,14:17:31.00,-0.71,0.76,0.40,-64.33,-26.37,112.43
2025-02-07,14:17:31.50,-0.56,0.43,0.64,-90.39,-29.85,-63.05
2025-02-07,14:17:32.00,0.96,-0.74,0.94,-184.14,-254.70,-277.65
2025-02-07,14:17:32.50,-0.34,-0.12,0.70,3.48,11.47,103.88
2025-02-07,14:17:33.00,0.23,0.03,0.94,-26.12,-101.75,-67.50
2025-02-07,14:17:33.50,0.35,0.16,0.84,32.10,-4.09,-48.83
2025-02-07,14:17:34.00,0.50,0.45,0.81,4.27,0.06,-3.72
2025-02-07,14:17:34.50,0.48,0.41,0.79,-11.60,-21.00,30.40
2025-02-07,14:17:35.00,0.56,0.24,0.74,-13.73,-26.49,29.11
2025-02-07,14:17:35.50,0.79,0.07,0.67,-32.10,-13.06,-20.94
2025-02-07,14:17:36.00,0.77,0.07,0.65,0.06,-4.46,8.79
2025-02-07,14:17:36.50,0.78,0.04,0.62,-4.52,-4.39,2.32
2025-02-07,14:17:37.00,0.81,-0.00,0.60,-5.00,-2.50,-1.65
2025-02-07,14:17:37.50,0.80,-0.06,0.59,-12.27,-7.39,18.01
2025-02-07,14:17:38.00,1.07,-0.36,0.48,38.33,-52.12,110.35
2025-02-07,14:17:38.50,2.28,-0.82,0.55,189.82,-147.77,202.27
2025-02-07,14:17:39.00,1.85,0.32,-0.67,1387.76,515.56,-373.60
2025-02-07,14:17:39.50,0.79,0.21,0.81,55.73,64.88,72.94
2025-02-07,14:17:40.00,0.59,-0.05,0.62,45.78,-55.79,40.71
2025-02-07,14:17:40.50,0.85,0.12,0.72,8.54,69.95,-41.69
2025-02-07,14:17:41.00,0.68,0.36,0.72,60.49,25.51,48.16
2025-02-07,14:17:41.50,0.64,0.37,0.61,-6.10,-14.77,34.18
2025-02-07,14:17:42.00,0.59,0.13,0.60,-20.63,-4.15,31.01
2025-02-07,14:17:42.50,0.66,-0.11,0.60,-9.64,-10.44,-59.75
2025-02-07,14:17:43.00,0.46,0.29,0.82,45.47,101.93,-165.53
2025-02-07,14:17:43.50,0.49,0.78,0.84,30.40,-41.56,9.28
2025-02-07,14:17:44.00,0.33,1.13,0.42,231.87,92.22,-143.68
2025-02-07,14:17:44.50,2.17,-0.76,-0.59,-111.51,366.76,-201.60
2025-02-07,14:17:45.00,0.91,-0.69,-0.30,-11.72,105.47,-103.58
2025-02-07,14:17:45.50,0.96,-0.32,-0.21,-2.20,55.97,-33.20
2025-02-07,14:17:46.00,1.04,-0.33,-0.24,-19.90,-1.95,13.43
2025-02-07,14:17:46.50,0.72,-0.33,-0.25,-4.88,3.42,29.30
2025-02-07,14:17:47.00,0.93,-0.30,-0.28,-2.69,-1.65,1.71
2025-02-07,14:17:47.50,0.97,-0.11,-0.16,8.12,3.66,-18.80
2025-02-07,14:17:48.00,0.98,-0.04,-0.14,-8.06,2.20,-19.35
2025-02-07,14:17:48.50,0.98,0.02,-0.11,-0.12,-16.72,-13.31
2025-02-07,14:17:49.00,0.98,0.03,-0.12,-1.77,-11.72,-5.00
2025-02-07,14:17:49.50,1.00,0.04,-0.10,-4.03,6.29,-6.90
2025-02-07,14:17:50.00,1.02,0.04,-0.11,0.67,5.43,-3.48
2025-02-07,14:17:50.50,0.99,0.03,-0.11,1.46,1.53,4.76
2025-02-07,14:17:51.00,0.99,0.03,-0.11,-0.92,-2.81,-0.12
2025-02-07,14:17:51.50,0.99,-0.04,-0.18,10.68,-24.29,15.93
2025-02-07,14:17:52.00,0.96,-0.28,-0.30,8.06,5.92,33.94
2025-02-07,14:17:52.50,0.87,-0.34,-0.30,-0.43,-13.98,11.41
2025-02-07,14:17:53.00,0.79,-0.40,-0.33,7.51,-16.97,6.10
2025-02-07,14:17:53.50,0.68,-0.50,-0.55,0.49,-14.16,25.82
2025-02-07,14:17:54.00,0.54,-0.65,-0.59,-5.86,-41.81,19.84
2025-02-07,14:17:54.50,0.30,-0.72,-0.67,-23.44,-2.62,2.44
2025-02-07,14:17:55.00,0.78,-0.35,-0.74,-22.40,-42.24,8.61
2025-02-07,14:17:55.50,-0.18,-0.48,-1.03,4.21,28.08,3.05
2025-02-07,14:17:56.00,-0.52,-0.34,-0.87,4.27,-9.70,18.25
2025-02-07,14:17:56.50,-0.72,-0.22,-0.63,-52.00,-42.05,9.28
2025-02-07,14:17:57.00,-0.93,-0.01,-0.71,5.43,-3.42,1.77
2025-02-07,14:17:57.50,-0.85,0.07,-0.60,7.26,31.07,10.50
2025-02-07,14:17:58.00,-0.65,-0.47,-0.63,143.62,16.97,13.55
2025-02-07,14:17:58.50,-0.69,-0.77,0.15,123.17,41.56,19.59
2025-02-07,14:17:59.00,-0.68,-0.25,0.37,-43.21,-32.10,-4.82
2025-02-07,14:17:59.50,-0.89,-0.40,0.42,-8.36,27.89,-12.82
2025-02-07,14:18:0.00,-0.29,-0.64,0.88,-2.81,-30.88,-6.96
2025-02-07,14:18:0.50,-0.31,-0.36,0.95,7.87,-12.82,14.77
2025-02-07,14:18:1.00,-0.39,-0.30,0.91,-1.89,6.96,9.46
2025-02-07,14:18:1.50,-0.35,-0.30,0.94,5.00,-8.54,-12.08
2025-02-07,14:18:2.00,-0.30,-0.23,1.00,-8.85,-0.06,19.84
2025-02-07,14:18:2.50,-0.26,-0.30,0.97,0.31,-7.81,-9.95
2025-02-07,14:18:3.00,-0.25,-0.26,0.94,0.06,2.99,0.98
2025-02-07,14:18:3.50,-0.25,-0.35,0.97,1.22,-2.75,-7.75
2025-02-07,14:18:4.00,-0.26,-0.31,0.93,-0.43,-2.62,1.77
2025-02-07,14:18:4.50,-0.24,-0.35,0.97,-0.55,-0.98,-3.66
2025-02-07,14:18:5.00,-0.25,-0.33,0.96,0.61,2.81,-0.61
2025-02-07,14:18:5.50,-0.26,-0.33,0.90,0.85,-1.04,-2.20
2025-02-07,14:18:6.00,-0.24,-0.35,0.91,0.37,-0.73,-0.43
2025-02-07,14:18:6.50,-0.23,-0.37,0.95,-1.16,0.31,4.94
2025-02-07,14:18:7.00,-0.27,-0.33,0.96,2.01,1.46,8.06
2025-02-07,14:18:7.50,-0.31,-0.14,1.00,20.39,-13.31,34.24
2025-02-07,14:18:8.00,-0.27,-0.19,0.94,-3.30,-4.15,-17.15
2025-02-07,14:18:8.50,-0.25,-0.27,0.94,6.71,6.77,0.18
2025-02-07,14:18:9.00,-0.23,-0.28,0.90,-2.44,-15.26,-0.79
2025-02-07,14:18:9.50,-0.17,-0.34,0.99,1.46,2.08,-2.50
2025-02-07,14:18:10.00,-0.20,-0.25,0.96,-4.52,-3.54,5.62
2025-02-07,14:18:10.50,-0.18,-0.30,0.93,-5.92,-8.30,2.32
2025-02-07,14:18:11.00,-0.18,-0.33,0.92,0.49,-0.98,2.14
2025-02-07,14:18:11.50,-0.15,-0.41,0.97,-2.20,0.49,3.11
2025-02-07,14:18:12.00,-0.15,-0.36,0.95,-2.08,-2.20,-1.71
2025-02-07,14:18:12.50,-0.12,-0.45,0.94,-5.86,-1.95,-1.04
2025-02-07,14:18:13.00,-0.06,-0.70,0.77,-54.93,-24.35,12.57
2025-02-07,14:18:13.50,0.02,-1.01,0.18,-40.59,-4.76,-9.83
2025-02-07,14:18:14.00,0.17,-1.05,0.16,-0.73,80.38,-45.29
2025-02-07,14:18:14.50,0.28,-1.09,-0.13,14.71,61.71,-3.48
2025-02-07,14:18:15.00,0.29,-1.22,0.11,30.58,166.32,-10.25
2025-02-07,14:18:15.50,0.37,-1.04,-0.38,18.13,333.25,-75.93
2025-02-07,14:18:16.00,0.23,-0.88,-0.68,-58.11,89.60,60.12
2025-02-07,14:18:16.50,0.63,-0.83,-0.47,-38.76,-48.77,0.85
2025-02-07,14:18:17.00,0.64,-0.77,-0.49,-6.90,-85.02,-94.18
2025-02-07,14:18:17.50,0.94,-0.53,-0.22,66.28,-254.70,-192.50
2025-02-07,14:18:18.00,-0.06,-0.77,-0.04,-0.79,-262.08,25.94
2025-02-07,14:18:18.50,2.73,-0.11,0.71,-129.64,-587.40,-346.62
2025-02-07,14:18:19.00,1.15,-0.79,0.07,91.43,-281.31,-5.13
2025-02-07,14:18:19.50,0.53,-0.91,0.10,49.99,-70.68,6.59
2025-02-07,14:18:20.00,0.28,-0.93,-0.32,-2.50,-24.54,13.98
2025-02-07,14:18:20.50,-0.20,-0.95,-0.16,-0.12,-124.15,43.95
2025-02-07,14:18:21.00,-0.34,-0.94,0.23,-10.19,-125.37,14.47
2025-02-07,14:18:21.50,0.16,-0.89,0.46,26.25,-97.90,-4.70
2025-02-07,14:18:22.00,0.47,-0.79,0.41,10.86,44.13,-91.74
2025-02-07,14:18:22.50,0.42,-0.81,0.56,-38.82,34.55,-17.03
2025-02-07,14:18:23.00,0.36,-0.78,0.50,-16.60,230.10,-73.43
2025-02-07,14:18:23.50,0.20,-1.03,0.06,-72.33,131.29,12.21
2025-02-07,14:18:24.00,0.44,-1.14,-0.14,-22.89,8.97,73.18
2025-02-07,14:18:24.50,0.31,-1.18,-0.18,-22.77,-29.24,-40.59
2025-02-07,14:18:25.00,0.27,-0.54,-0.44,-21.48,140.44,-30.21
2025-02-07,14:18:25.50,0.46,-0.69,-0.25,-13.61,120.48,83.44
2025-02-07,14:18:26.00,0.11,-0.98,-0.23,-8.24,-1.10,29.11
2025-02-07,14:18:26.50,-0.35,-1.03,-0.14,10.86,-4.94,69.34
2025-02-07,14:18:27.00,-0.87,-0.54,0.04,-44.37,-125.12,48.58
2025-02-07,14:18:27.50,0.14,-1.01,0.64,-86.67,-140.26,133.00
2025-02-07,14:18:28.00,0.25,-0.98,-0.06,-42.42,102.97,62.01
2025-02-07,14:18:28.50,0.19,-1.05,0.09,101.44,143.31,-120.97
2025-02-07,14:18:29.00,-0.52,-0.53,0.58,28.26,23.44,142.94
2025-02-07,14:18:29.50,-0.52,0.29,0.92,2.93,-53.22,67.20
2025-02-07,14:18:30.00,-0.07,0.31,0.95,-5.80,-0.37,-12.70
2025-02-07,14:18:30.50,0.18,-0.23,0.95,-113.83,0.49,-25.21
2025-02-07,14:18:31.00,0.98,-0.76,0.26,-45.78,-7.75,-90.09
2025-02-07,14:18:31.50,0.89,-0.49,0.15,88.01,-151.67,-12.70
2025-02-07,14:18:32.00,0.86,-0.52,0.21,-65.61,69.64,-0.85
2025-02-07,14:18:32.50,0.79,-0.59,0.04,-32.23,24.96,-9.16
2025-02-07,14:18:33.00,0.79,-0.60,0.17,-1.22,9.58,8.73
2025-02-07,14:18:33.50,0.81,-0.57,0.12,-4.64,1.53,-2.38
2025-02-07,14:18:34.00,0.79,-0.59,0.13,-5.92,4.03,1.71
2025-02-07,14:18:34.50,0.78,-0.61,0.12,-3.54,0.79,0.37
2025-02-07,14:18:35.00,0.81,-0.59,0.11,-3.91,0.12,0.49
2025-02-07,14:18:35.50,0.80,-0.60,0.10,-1.71,-8.73,1.34
2025-02-07,14:18:36.00,0.81,-0.60,0.07,-5.25,1.65,2.62
2025-02-07,14:18:36.50,0.92,-0.54,0.08,27.16,-27.59,-2.26
2025-02-07,14:18:37.00,0.91,-0.42,0.09,92.10,-26.67,4.58
2025-02-07,14:18:37.50,1.15,-0.12,0.18,134.83,-111.88,68.05
2025-02-07,14:18:38.00,1.42,0.17,0.35,265.56,-190.00,115.54
2025-02-07,14:18:38.50,1.01,-0.16,0.38,-121.40,48.28,38.33
2025-02-07,14:18:39.00,1.34,0.11,0.21,-293.15,291.50,33.75
2025-02-07,14:18:39.50,1.47,-0.21,-0.30,-233.03,134.22,-213.26
2025-02-07,14:18:40.00,1.01,-0.38,0.04,-276.00,133.24,99.37
2025-02-07,14:18:40.50,1.03,-0.43,-0.52,-90.15,-2.44,-116.09
2025-02-07,14:18:41.00,0.89,-0.46,-0.09,62.93,-2.26,-55.66
2025-02-07,14:18:41.50,0.92,-0.41,-0.19,28.50,1.59,-0.79
2025-02-07,14:18:42.00,0.91,-0.34,-0.16,66.10,-16.66,2.69
2025-02-07,14:18:42.50,0.82,-0.45,-0.12,82.09,-61.34,-8.85
2025-02-07,14:18:43.00,0.87,-0.49,-0.03,103.58,-36.87,-16.48
2025-02-07,14:18:43.50,0.95,-0.12,0.13,120.61,-147.03,-40.59
2025-02-07,14:18:44.00,0.89,-0.22,-0.05,-40.77,38.82,1.22
2025-02-07,14:18:44.50,0.96,-0.32,0.08,-0.67,6.16,-2.75
2025-02-07,14:18:45.00,1.08,-0.22,0.10,-27.34,-30.82,-16.85
2025-02-07,14:18:45.50,0.86,-0.51,-0.00,-82.03,6.47,43.64
2025-02-07,14:18:46.00,1.08,-0.19,-0.16,-219.24,170.72,76.72
2025-02-07,14:18:46.50,1.04,-0.33,-0.17,24.84,-70.25,-9.16
2025-02-07,14:18:47.00,0.92,-0.42,-0.20,-11.41,30.52,15.75
2025-02-07,14:18:47.50,0.84,-0.48,-0.17,69.21,-60.67,3.78
2025-02-07,14:18:48.00,0.79,-0.57,-0.18,98.63,-29.60,4.27
2025-02-07,14:18:48.50,1.12,-0.11,0.15,171.45,-131.53,-69.64
2025-02-07,14:18:49.00,0.96,-0.26,-0.04,-62.74,58.17,26.79
2025-02-07,14:18:49.50,0.99,-0.31,0.03,15.08,-16.78,-9.95
2025-02-07,14:18:50.00,1.22,-0.01,0.01,-53.89,16.17,-61.34
2025-02-07,14:18:50.50,1.07,-0.30,-0.14,-7.93,-59.88,21.12
2025-02-07,14:18:51.00,0.85,-0.68,-0.13,-101.99,49.93,67.63
2025-02-07,14:18:51.50,0.81,-0.81,-0.29,-79.96,168.88,36.19
2025-02-07,14:18:52.00,0.81,-0.43,-0.50,-140.44,130.92,49.50
2025-02-07,14:18:52.50,0.88,-0.29,-0.37,23.56,47.24,-10.25
2025-02-07,14:18:53.00,0.87,-0.45,-0.39,-7.63,-1.65,-10.19
2025-02-07,14:18:53.50,1.17,0.05,-0.25,-105.96,68.85,46.45
2025-02-07,14:18:54.00,0.93,-0.28,-0.25,6.90,1.89,-6.96
2025-02-07,14:18:54.50,0.94,-0.35,-0.22,53.47,-16.91,20.08
2025-02-07,14:18:55.00,0.91,-0.37,-0.13,113.59,-79.35,-52.92
2025-02-07,14:18:55.50,0.97,-0.35,-0.32,105.53,-59.88,8.67
2025-02-07,14:18:56.00,0.86,-0.53,-0.25,73.55,-16.91,2.81
2025-02-07,14:18:56.50,0.86,-0.45,-0.18,136.11,-79.53,-34.55
2025-02-07,14:18:57.00,0.85,-0.34,-0.05,121.09,-37.72,-35.52
2025-02-07,14:18:57.50,0.92,-0.26,0.00,16.66,19.78,-9.28
2025-02-07,14:18:58.00,0.98,-0.23,-0.05,-10.25,7.14,-8.06
2025-02-07,14:18:58.50,1.00,-0.22,-0.05,10.50,-4.94,5.80
2025-02-07,14:18:59.00,0.98,-0.16,-0.05,2.38,1.77,0.67
2025-02-07,14:18:59.50,0.99,-0.16,-0.06,1.65,-5.00,-0.12
2025-02-07,14:19:0.00,1.01,-0.17,-0.06,-13.49,0.98,5.07
2025-02-07,14:19:0.50,0.96,-0.22,-0.10,3.78,-3.30,1.59
2025-02-07,14:19:1.00,0.97,-0.24,-0.10,1.59,-8.73,-1.65
2025-02-07,14:19:1.50,0.98,-0.18,-0.10,-11.78,-3.23,-12.70
2025-02-07,14:19:2.00,1.05,-0.15,-0.15,-36.87,24.48,1.95
2025-02-07,14:19:2.50,0.84,-0.34,-0.18,-128.11,120.00,92.35
2025-02-07,14:19:3.00,0.52,-0.85,-0.38,5.43,-28.63,59.81
2025-02-07,14:19:3.50,0.05,-0.86,-0.35,-33.14,60.24,135.31
2025-02-07,14:19:4.00,0.99,-0.06,-0.87,-112.43,231.57,86.00
2025-02-07,14:19:4.50,0.72,-0.35,-0.51,127.56,17.52,-28.69
2025-02-07,14:19:5.00,1.03,-0.26,-0.24,156.74,-77.64,-70.43
2025-02-07,14:19:5.50,0.81,-0.41,-0.29,107.36,-75.20,-63.23
2025-02-07,14:19:6.00,0.96,-0.40,-0.10,142.94,-45.35,-75.26
2025-02-07,14:19:6.50,0.98,-0.28,-0.01,108.95,9.40,27.40
2025-02-07,14:19:7.00,1.26,-0.09,0.11,198.00,-16.24,101.20
2025-02-07,14:19:7.50,0.87,-0.60,0.12,138.61,-76.29,-32.35
2025-02-07,14:19:8.00,0.85,-0.51,0.11,-116.39,34.30,28.81
2025-02-07,14:19:8.50,1.18,0.01,-0.18,-245.79,220.83,31.37
2025-02-07,14:19:9.00,0.87,-0.31,-0.27,-68.85,6.04,13.49
2025-02-07,14:19:9.50,1.11,0.05,-0.14,-188.60,134.52,2.14
2025-02-07,14:19:10.00,0.85,-0.40,-0.28,6.35,10.93,1.22
2025-02-07,14:19:10.50,0.86,-0.27,-0.18,176.39,-81.36,-10.25
2025-02-07,14:19:11.00,0.98,-0.43,-0.07,247.38,-28.44,-5.25
2025-02-07,14:19:11.50,1.12,-0.22,0.20,151.73,-74.40,-43.58
2025-02-07,14:19:12.00,0.86,-0.42,-0.13,39.00,-6.90,46.45
2025-02-07,14:19:12.50,1.00,-0.46,-0.01,11.41,68.30,-126.71
2025-02-07,14:19:13.00,0.54,-0.73,0.03,26.31,-18.55,64.58
2025-02-07,14:19:13.50,-0.01,-0.95,0.07,4.94,-33.57,18.43
2025-02-07,14:19:14.00,-0.22,-1.01,0.06,-1.59,10.19,25.70
2025-02-07,14:19:14.50,-0.60,-0.83,0.02,-5.37,-20.32,60.12
2025-02-07,14:19:15.00,-0.71,0.23,0.21,0.79,-22.28,258.36
2025-02-07,14:19:15.50,0.08,0.83,-0.12,11.54,-1.10,-26.61
2025-02-07,14:19:16.00,0.07,0.99,-0.09,4.82,-2.93,-3.42
2025-02-07,14:19:16.50,-0.02,0.96,-0.18,5.00,6.35,1.04
2025-02-07,14:19:17.00,-0.05,0.92,-0.29,16.97,7.75,-4.09
2025-02-07,14:19:17.50,0.00,0.83,-0.52,24.90,9.95,2.69
2025-02-07,14:19:18.00,0.16,0.57,-0.75,63.29,40.16,-1.83
2025-02-07,14:19:18.50,0.58,-0.12,-0.84,68.91,46.75,-2.75
2025-02-07,14:19:19.00,0.81,-0.66,-0.22,0.37,11.41,-23.93
2025-02-07,14:19:19.50,0.62,-0.82,-0.20,-36.74,-34.67,-4.27
2025-02-07,14:19:20.00,0.28,-0.69,-0.50,-91.74,72.57,140.75
2025-02-07,14:19:20.50,1.50,0.04,-0.72,-224.30,221.80,127.81
2025-02-07,14:19:21.00,0.79,-0.38,-0.45,100.22,-46.45,-15.56
2025-02-07,14:19:21.50,0.72,-0.46,-0.39,136.05,-97.90,-40.59
2025-02-07,14:19:22.00,1.39,-0.20,0.09,221.68,-276.61,-179.44
2025-02-07,14:19:22.50,0.89,-0.43,-0.20,29.42,23.93,24.29
2025-02-07,14:19:23.00,1.06,-0.24,0.01,144.41,-177.00,-7.51
2025-02-07,14:19:23.50,0.72,-0.47,-0.08,138.24,-218.51,-46.26
2025-02-07,14:19:24.00,1.02,-0.54,0.14,-24.78,69.52,9.58
2025-02-07,14:19:24.50,0.92,-0.54,0.11,-210.88,137.27,101.75
2025-02-07,14:19:25.00,1.47,0.11,-0.27,-285.34,267.09,-0.43
2025-02-07,14:19:25.50,1.14,-0.48,-0.32,-170.35,-136.66,-7.87
2025-02-07,14:19:26.00,1.36,0.22,-0.23,-196.66,130.68,92.53
2025-02-07,14:19:26.50,0.99,-0.24,-0.16,-143.49,73.49,92.53
2025-02-07,14:19:27.00,0.99,-0.24,-0.39,58.53,-34.85,-21.91
2025-02-07,14:19:27.50,0.91,-0.33,-0.25,9.95,41.99,4.21
2025-02-07,14:19:28.00,1.05,-0.23,-0.14,18.92,-10.19,-23.50
2025-02-07,14:19:28.50,1.03,-0.37,-0.11,12.08,-25.09,7.93
2025-02-07,14:19:29.00,0.85,-0.53,-0.29,-2.14,-4.52,-4.70
2025-02-07,14:19:29.50,0.81,-0.46,-0.30,7.14,-2.87,-1.04
2025-02-07,14:19:30.00,0.71,-0.47,-0.34,21.67,-1.65,23.13
2025-02-07,14:19:30.50,1.13,-1.31,-0.91,-25.39,-35.03,154.42
2025-02-07,14:19:31.00,-0.25,1.29,-0.32,-59.33,1.71,55.91
2025-02-07,14:19:31.50,0.52,-0.54,1.19,24.05,-110.47,-14.71
2025-02-07,14:19:32.00,0.18,-0.09,1.05,15.56,22.95,-45.78
2025-02-07,14:19:32.50,0.10,0.07,1.01,-0.06,-1.71,-15.20
2025-02-07,14:19:33.00,0.13,-0.02,0.98,-3.54,4.03,35.58
2025-02-07,14:19:33.50,0.29,-0.07,1.07,-0.61,33.02,8.85
2025-02-07,14:19:34.00,0.49,0.29,1.06,58.84,-22.40,64.82
2025-02-07,14:19:34.50,0.44,0.17,0.84,2.38,17.03,90.45
2025-02-07,14:19:35.00,0.75,-0.36,0.70,-73.79,-112.30,19.96
2025-02-07,14:19:35.50,0.45,-0.68,0.51,-107.48,188.66,22.16
2025-02-07,14:19:36.00,1.06,-1.09,-0.49,5.62,-0.43,-55.30
2025-02-07,14:19:36.50,2.80,0.77,-0.71,25.63,-507.20,-369.51
2025-02-07,14:19:37.00,0.86,0.34,-1.17,-20.02,-49.01,68.30
2025-02-07,14:19:37.50,0.56,0.20,-0.70,-1.16,-3.11,2.08
2025-02-07,14:19:38.00,3.66,0.41,0.05,16.72,-958.68,96.74
2025-02-07,14:19:38.50,-0.08,0.04,-0.03,-60.91,-226.99,-40.34
2025-02-07,14:19:39.00,0.68,-0.42,-0.20,-20.57,83.13,7.02
2025-02-07,14:19:39.50,0.91,-0.59,-0.12,138.00,-26.73,11.11
2025-02-07,14:19:40.00,1.20,-0.52,0.45,192.99,-297.79,-52.00
2025-02-07,14:19:40.50,0.83,-0.31,-0.20,-26.25,-3.11,3.97
2025-02-07,14:19:41.00,0.88,-0.46,-0.07,-22.28,41.87,12.45
2025-02-07,14:19:41.50,0.86,-0.49,-0.07,3.91,-11.47,2.99
2025-02-07,14:19:42.00,0.85,-0.46,-0.11,9.22,-19.71,-3.05
2025-02-07,14:19:42.50,0.88,-0.60,0.01,-13.31,9.46,-23.62
2025-02-07,14:19:43.00,0.61,-0.59,-0.25,19.17,-84.59,57.86
2025-02-07,14:19:43.50,0.35,-0.93,-0.15,-7.08,-26.25,-7.32
2025-02-07,14:19:44.00,0.23,-1.16,-0.18,8.00,-20.51,95.21
2025-02-07,14:19:44.50,-0.09,-1.05,-0.02,12.70,19.90,-23.93
2025-02-07,14:19:45.00,-0.48,-0.92,-0.12,-28.32,-18.55,41.26
2025-02-07,14:19:45.50,-0.65,-0.81,-0.09,12.94,7.39,16.78
2025-02-07,14:19:46.00,-0.69,-0.68,-0.20,5.92,6.16,-0.37
2025-02-07,14:19:46.50,-0.69,-0.73,-0.07,-0.61,6.35,1.34
2025-02-07,14:19:47.00,-0.75,-0.60,-0.08,-2.81,6.04,1.65
2025-02-07,14:19:47.50,-0.78,-0.60,-0.15,42.72,16.85,-19.47
2025-02-07,14:19:48.00,-0.80,-0.60,-0.09,-3.23,-5.62,1.83
2025-02-07,14:19:48.50,-0.83,-0.75,-0.20,44.43,19.96,-19.04
2025-02-07,14:19:49.00,-0.61,-0.47,-0.10,49.62,-24.90,-0.49
2025-02-07,14:19:49.50,-0.80,-0.71,-0.01,109.01,23.13,1.89
2025-02-07,14:19:50.00,-0.80,-0.58,0.07,27.47,20.51,-3.23
2025-02-07,14:19:50.50,-0.87,-0.49,0.01,-3.11,4.76,12.15
2025-02-07,14:19:51.00,-0.92,-0.45,0.01,12.94,2.93,-3.97
2025-02-07,14:19:51.50,-0.97,-0.36,0.10,82.46,12.94,27.10
2025-02-07,14:19:52.00,-0.98,-0.04,-0.14,47.67,36.74,15.44
2025-02-07,14:19:52.50,-0.86,-0.01,-0.52,46.14,33.45,-4.09
2025-02-07,14:19:53.00,-0.55,-0.57,-0.68,13.55,26.86,-0.06
2025-02-07,14:19:53.50,-0.33,-0.62,-0.75,12.27,38.45,-2.93
2025-02-07,14:19:54.00,-0.14,-0.69,-0.72,7.32,24.23,-3.11
2025-02-07,14:19:54.50,0.01,-0.67,-0.74,5.25,1.95,-2.26
2025-02-07,14:19:55.00,0.07,-0.70,-0.67,1.34,3.72,-2.50
2025-02-07,14:19:55.50,0.36,-0.70,-0.64,-6.59,34.30,-6.84
2025-02-07,14:19:56.00,0.60,-0.60,-0.57,-1.71,9.46,-1.40
2025-02-07,14:19:56.50,0.53,-0.67,-0.56,-3.23,-5.86,2.87
2025-02-07,14:19:57.00,0.47,-0.71,-0.60,0.67,-14.04,11.90
2025-02-07,14:19:57.50,0.44,-0.69,-0.59,1.04,-4.46,4.03
2025-02-07,14:19:58.00,0.32,-0.70,-0.59,4.58,-34.85,17.70
2025-02-07,14:19:58.50,-0.07,-0.74,-0.65,4.64,-26.49,5.92
2025-02-07,14:19:59.00,-0.18,-0.76,-0.64,-7.81,-11.96,10.25
2025-02-07,14:19:59.50,-0.41,-0.56,-0.67,-11.17,-4.52,15.56
2025-02-07,14:20:0.00,-0.69,-0.39,-0.58,6.47,-23.74,15.08
2025-02-07,14:20:0.50,-0.93,-0.04,-0.45,-31.68,-36.44,29.24
2025-02-07,14:20:1.00,-0.98,0.24,-0.10,-7.02,-9.09,7.45
2025-02-07,14:20:1.50,-0.97,-0.08,0.40,-351.62,-44.25,-38.09
2025-02-07,14:20:2.00,-0.93,-0.37,0.22,8.73,-1.65,-1.46
2025-02-07,14:20:2.50,-0.96,-0.24,0.27,4.27,7.02,10.56
2025-02-07,14:20:3.00,-0.97,-0.30,0.17,10.93,18.55,6.41
2025-02-07,14:20:3.50,-0.98,-0.24,0.08,13.00,5.37,7.45
2025-02-07,14:20:4.00,-0.99,-0.23,0.06,21.12,6.96,5.68
2025-02-07,14:20:4.50,-0.98,-0.22,0.09,4.09,-2.50,2.08
2025-02-07,14:20:5.00,-0.97,-0.23,0.22,-2.99,-19.04,-5.86
2025-02-07,14:20:5.50,-0.95,-0.31,0.31,-11.11,-10.13,-8.61
2025-02-07,14:20:6.00,-0.87,-0.39,0.27,-20.81,-10.68,-11.78
2025-02-07,14:20:6.50,-0.72,-0.68,0.26,-36.68,-13.12,-27.34
2025-02-07,14:20:7.00,-0.51,-0.85,0.02,-43.40,-15.69,-22.77
2025-02-07,14:20:7.50,-0.49,-0.96,0.00,5.98,3.54,4.39
2025-02-07,14:20:8.00,-0.37,-0.97,-0.31,-10.44,0.49,6.35
2025-02-07,14:20:8.50,-0.50,-0.76,-0.23,-7.63,-14.10,13.43
2025-02-07,14:20:9.00,-0.50,-0.79,-0.23,-8.91,11.78,5.92
2025-02-07,14:20:9.50,-0.62,-0.62,-0.49,16.05,0.06,-11.17
2025-02-07,14:20:10.00,-0.43,-0.87,-0.17,70.01,22.34,-56.34
2025-02-07,14:20:10.50,-0.24,-0.97,-0.05,-1.34,8.06,-6.53
2025-02-07,14:20:11.00,-0.36,-0.99,-0.29,-12.76,-6.10,11.47
2025-02-07,14:20:11.50,-0.34,-1.00,-0.07,-0.55,47.30,-11.60
2025-02-07,14:20:12.00,-0.30,-0.71,-0.58,-56.88,-14.16,-3.78
2025-02-07,14:20:12.50,-0.22,-0.91,-1.38,-40.47,-72.08,-11.78
2025-02-07,14:20:13.00,-0.82,-0.44,-0.78,30.70,-18.86,-19.96
2025-02-07,14:20:13.50,-0.35,-0.33,-1.00,-25.21,-10.19,6.10
2025-02-07,14:20:14.00,-0.52,0.42,-0.58,38.45,17.09,2.99
2025-02-07,14:20:14.50,0.37,-0.28,-1.00,37.60,19.23,-61.46
2025-02-07,14:20:15.00,0.76,-0.40,-0.69,31.62,31.13,-35.89
2025-02-07,14:20:15.50,0.58,-0.25,-0.74,10.01,4.39,-1.28
2025-02-07,14:20:16.00,0.58,-0.47,-0.67,11.23,11.29,34.42
2025-02-07,14:20:16.50,0.70,-0.42,-0.50,14.22,-6.71,29.24
2025-02-07,14:20:17.00,0.60,-0.43,-0.66,15.93,32.35,-17.70
2025-02-07,14:20:17.50,0.70,-0.42,-0.77,1.10,21.67,0.98
2025-02-07,14:20:18.00,0.64,-0.39,-0.70,1.40,15.81,-35.58
2025-02-07,14:20:18.50,0.61,-0.26,-0.60,-8.24,-6.71,6.59
2025-02-07,14:20:19.00,0.86,-0.64,-0.71,-23.01,-23.01,-10.38
2025-02-07,14:20:19.50,2.82,-0.24,0.06,-38.39,-168.40,622.56
2025-02-07,14:20:20.00,0.57,-0.31,-0.02,-3.54,3.66,-16.78
2025-02-07,14:20:20.50,4.00,2.70,-0.44,216.98,302.49,932.50
2025-02-07,14:20:21.00,0.14,1.32,-0.48,20.14,75.68,121.15
2025-02-07,14:20:21.50,-0.25,0.94,-0.30,-78.49,19.04,-62.68
2025-02-07,14:20:22.00,-0.35,-0.05,0.78,-101.44,-144.29,-59.02
2025-02-07,14:20:22.50,0.50,-0.22,0.86,15.81,39.12,-67.57
2025-02-07,14:20:23.00,0.46,-0.45,0.89,-1.95,-2.99,32.53
2025-02-07,14:20:23.50,0.66,-0.68,0.63,-48.89,7.57,-144.78
2025-02-07,14:20:24.00,0.57,-0.54,0.59,-4.76,14.16,18.19
2025-02-07,14:20:24.50,0.66,-0.58,0.56,4.27,-17.82,10.38
2025-02-07,14:20:25.00,0.79,-0.52,0.46,10.74,-55.05,0.49
2025-02-07,14:20:25.50,0.66,-0.64,0.27,47.85,-9.70,77.88
2025-02-07,14:20:26.00,0.47,-0.70,0.50,-18.68,118.96,-15.50
2025-02-07,14:20:26.50,0.41,-0.70,0.81,17.09,-32.29,11.17
2025-02-07,14:20:27.00,0.29,-0.66,0.78,3.54,-15.81,8.12
2025-02-07,14:20:27.50,0.28,-0.65,0.78,-1.95,-9.83,4.09
2025-02-07,14:20:28.00,0.30,-0.61,0.76,-3.54,-6.77,6.23
2025-02-07,14:20:28.50,0.30,-0.64,0.73,-0.06,1.28,2.08
2025-02-07,14:20:29.00,0.28,-0.60,0.72,1.95,-4.58,-5.74
2025-02-07,14:20:29.50,0.31,-0.64,0.74,-3.36,-0.18,-2.69
2025-02-07,14:20:30.00,0.33,-0.65,0.74,-0.67,-1.10,-2.14
2025-02-07,14:20:30.50,0.34,-0.62,0.72,-1.16,-0.31,-3.42
2025-02-07,14:20:31.00,0.13,-0.58,0.68,13.79,-8.91,8.73
2025-02-07,14:20:31.50,0.23,-0.49,0.88,27.28,15.32,46.57
2025-02-07,14:20:32.00,0.01,-0.40,0.86,15.50,15.87,28.44
2025-02-07,14:20:32.50,0.23,-0.13,1.04,19.90,-8.06,6.41
2025-02-07,14:20:33.00,0.52,0.04,1.15,53.53,-47.36,87.16
2025-02-07,14:20:33.50,0.26,-0.06,0.77,-13.92,-115.60,103.88
2025-02-07,14:20:34.00,0.49,0.27,0.86,8.24,-8.12,29.30
2025-02-07,14:20:34.50,0.72,0.39,0.53,-177.00,13.55,-110.66
2025-02-07,14:20:35.00,0.75,-0.92,0.55,-2.38,18.62,3.17
2025-02-07,14:20:35.50,1.03,-0.36,-0.04,-386.05,259.46,110.41
2025-02-07,14:20:36.00,2.07,0.13,0.45,-115.36,-65.80,-15.50
2025-02-07,14:20:36.50,0.81,-0.30,-0.20,-19.10,-42.05,-53.71
2025-02-07,14:20:37.00,0.96,-0.21,-0.17,13.79,-7.87,-45.10
2025-02-07,14:20:37.50,-0.16,-0.37,-0.25,121.03,-182.01,255.43
2025-02-07,14:20:38.00,1.24,0.11,1.31,-11.11,94.73,-22.09
2025-02-07,14:20:38.50,1.17,-0.44,0.48,-50.05,-155.82,-55.05
2025-02-07,14:20:39.00,-0.12,-0.42,-0.04,-150.21,252.50,134.16
2025-02-07,14:20:39.50,1.06,0.02,-0.69,-24.84,-102.97,12.33
2025-02-07,14:20:40.00,0.74,-0.35,-0.12,48.77,-19.47,-75.44
2025-02-07,14:20:40.50,0.18,0.32,-0.19,-39.55,145.20,439.51
2025-02-07,14:20:41.00,0.28,0.37,-0.52,21.18,59.63,119.87
2025-02-07,14:20:41.50,0.72,0.09,-0.48,-35.16,-27.34,25.57
2025-02-07,14:20:42.00,0.91,0.04,-0.64,-50.42,-10.07,47.61
2025-02-07,14:20:42.50,0.84,-0.10,-0.64,26.61,-2.56,-30.64
2025-02-07,14:20:43.00,0.79,-0.10,-0.60,1.04,8.91,6.53
2025-02-07,14:20:43.50,0.82,-0.10,-0.55,-2.14,1.04,0.61
2025-02-07,14:20:44.00,0.82,-0.10,-0.55,1.77,2.69,0.00
2025-02-07,14:20:44.50,0.82,-0.11,-0.54,-4.88,-2.50,-4.46
2025-02-07,14:20:45.00,0.82,-0.11,-0.54,-3.23,-0.06,0.85
2025-02-07,14:20:45.50,0.83,-0.11,-0.55,2.20,0.12,1.28
2025-02-07,14:20:46.00,0.82,-0.10,-0.54,1.16,-0.85,1.16
2025-02-07,14:20:46.50,0.83,-0.10,-0.53,0.43,-0.49,1.59
2025-02-07,14:20:47.00,0.83,-0.12,-0.54,0.85,0.55,0.92
2025-02-07,14:20:47.50,0.84,-0.11,-0.53,0.18,-0.85,0.37
2025-02-07,14:20:48.00,0.85,-0.10,-0.52,-1.46,2.01,2.38
2025-02-07,14:20:48.50,0.84,-0.11,-0.51,0.61,2.20,1.04
2025-02-07,14:20:49.00,0.84,-0.12,-0.54,-1.40,0.18,2.08
2025-02-07,14:20:49.50,0.84,-0.11,-0.50,-0.55,-0.24,-0.31
2025-02-07,14:20:50.00,0.84,-0.11,-0.52,-0.37,-0.61,0.61
2025-02-07,14:20:50.50,0.83,-0.12,-0.51,-0.31,1.40,0.06
2025-02-07,14:20:51.00,0.85,-0.12,-0.52,0.24,1.28,0.55
2025-02-07,14:20:51.50,0.93,-0.14,-0.30,48.28,-0.73,-29.54
2025-02-07,14:20:52.00,0.94,-0.15,-0.19,29.05,-27.71,-15.99
2025-02-07,14:20:52.50,1.54,-0.10,-0.16,21.30,-71.23,-19.47
2025-02-07,14:20:53.00,1.09,-2.00,0.78,-233.40,-26.98,-199.22
2025-02-07,14:20:53.50,1.56,-0.46,0.36,-66.47,-49.01,-312.38
2025-02-07,14:20:54.00,1.06,-0.25,0.11,-23.62,-3.97,-105.90
2025-02-07,14:20:54.50,1.01,-0.17,-0.07,-5.80,-34.85,-19.53
2025-02-07,14:20:55.00,0.95,-0.19,-0.04,34.24,-9.95,-7.81
2025-02-07,14:20:55.50,1.01,-0.15,-0.04,4.27,23.99,-2.81
2025-02-07,14:20:56.00,0.80,-0.14,0.01,33.87,-9.28,-2.62
2025-02-07,14:20:56.50,0.85,-0.19,0.09,15.87,42.85,-7.14
2025-02-07,14:20:57.00,0.21,-0.64,0.71,12.33,47.12,174.07
2025-02-07,14:20:57.50,-0.02,-0.70,-0.25,-152.40,-91.31,81.97
2025-02-07,14:20:58.00,0.41,-0.92,-0.28,-5.86,-11.17,-15.69
2025-02-07,14:20:58.50,0.18,-0.98,0.41,6.65,-1.22,-27.10
2025-02-07,14:20:59.00,0.34,-0.94,-0.15,-53.41,-1.89,-2.01
2025-02-07,14:20:59.50,0.20,-0.99,-0.15,63.17,14.53,7.75
2025-02-07,14:21:0.00,0.24,-0.95,-0.27,-8.48,-6.90,-6.41
2025-02-07,14:21:0.50,0.18,-0.95,-0.29,0.43,-0.37,-0.37
2025-02-07,14:21:1.00,0.18,-0.95,-0.28,0.49,-0.18,-0.24
2025-02-07,14:21:1.50,0.18,-0.95,-0.28,0.06,-0.37,-0.37
2025-02-07,14:21:2.00,0.18,-0.95,-0.28,0.24,-0.37,-0.31
2025-02-07,14:21:2.50,0.18,-0.95,-0.28,0.31,-0.49,-0.37
2025-02-07,14:21:3.00,0.18,-0.95,-0.28,-0.06,-0.43,-0.37
2025-02-07,14:21:3.50,0.18,-0.95,-0.28,0.43,-0.43,-0.37
2025-02-07,14:21:4.00,0.18,-0.95,-0.28,0.00,-0.43,-0.37
2025-02-07,14:21:4.50,0.18,-0.95,-0.28,-0.12,-0.55,-0.43
2025-02-07,14:21:5.00,0.18,-0.95,-0.29,0.37,-0.12,-0.31
2025-02-07,14:21:5.50,0.18,-0.95,-0.28,1.46,0.00,-0.12
2025-02-07,14:21:6.00,0.18,-0.95,-0.27,-0.37,-0.55,-0.43
2025-02-07,14:21:6.50,0.18,-0.95,-0.28,0.92,-0.24,-0.24
2025-02-07,14:21:7.00,0.18,-0.96,-0.27,-0.24,-0.55,-0.43
2025-02-07,14:21:7.50,0.18,-0.95,-0.28,0.24,-0.43,-0.37
2025-02-07,14:21:8.00,0.18,-0.95,-0.27,0.67,-0.37,-0.31
2025-02-07,14:21:8.50,0.18,-0.95,-0.27,-0.43,-0.55,-0.43
2025-02-07,14:21:9.00,0.18,-0.95,-0.27,0.67,-0.37,-0.31
2025-02-07,14:21:9.50,0.18,-0.95,-0.27,-0.43,-0.55,-0.43
2025-02-07,14:21:10.00,0.18,-0.95,-0.27,0.67,-0.31,-0.31
2025-02-07,14:21:10.50,0.18,-0.95,-0.27,-0.31,-0.55,-0.43
2025-02-07,14:21:11.00,0.19,-0.95,-0.27,0.98,-0.37,0.06
2025-02-07,14:21:11.50,0.17,-0.95,-0.27,-0.31,-0.55,-0.24
2025-02-07,14:21:12.00,0.18,-0.95,-0.27,0.37,-0.31,-0.43
2025-02-07,14:21:12.50,0.18,-0.95,-0.27,-0.12,-0.49,-0.49
2025-02-07,14:21:13.00,0.18,-0.95,-0.27,0.31,-0.37,-0.31
2025-02-07,14:21:13.50,0.18,-0.95,-0.27,-0.06,-0.49,-0.37
2025-02-07,14:21:14.00,0.18,-0.95,-0.27,0.31,-0.37,-0.31
2025-02-07,14:21:14.50,0.18,-0.95,-0.27,0.00,-0.49,-0.43
2025-02-07,14:21:15.00,0.18,-0.95,-0.27,0.18,-0.43,-0.37
2025-02-07,14:21:15.50,0.18,-0.95,-0.27,0.06,-0.49,-0.37
2025-02-07,14:21:16.00,0.18,-0.95,-0.27,0.12,-0.43,-0.31
2025-02-07,14:21:16.50,0.18,-0.95,-0.27,0.18,-0.43,-0.31
2025-02-07,14:21:17.00,0.18,-0.95,-0.27,0.12,-0.43,-0.37
2025-02-07,14:21:17.50,0.18,-0.95,-0.27,0.12,-0.43,-0.37
2025-02-07,14:21:18.00,0.18,-0.95,-0.27,0.12,-0.43,-0.37
2025-02-07,14:21:18.50,0.18,-0.95,-0.27,0.18,-0.43,-0.31
2025-02-07,14:21:19.00,0.18,-0.95,-0.27,0.06,-0.43,-0.31
2025-02-07,14:21:19.50,0.18,-0.95,-0.27,0.18,-0.49,-0.37
2025-02-07,14:21:20.00,0.18,-0.95,-0.27,0.06,-0.43,-0.37
2025-02-07,14:21:20.50,0.18,-0.95,-0.27,0.18,-0.43,-0.31
2025-02-07,14:21:21.00,0.18,-0.95,-0.27,0.06,-0.49,-0.37
2025-02-07,14:21:21.50,0.18,-0.95,-0.27,0.18,-0.43,-0.37
2025-02-07,14:21:22.00,0.18,-0.95,-0.27,0.06,-0.43,-0.37
2025-02-07,14:21:22.50,0.18,-0.95,-0.27,0.18,-0.43,-0.37
2025-02-07,14:21:23.00,0.18,-0.95,-0.27,0.00,-0.49,-0.37
2025-02-07,14:21:23.50,0.18,-0.95,-0.27,0.18,-0.43,-0.31
2025-02-07,14:21:24.00,0.18,-0.95,-0.27,0.06,-0.43,-0.37
2025-02-07,14:21:24.50,0.18,-0.95,-0.27,0.12,-0.43,-0.37
2025-02-07,14:21:25.00,0.18,-0.95,-0.27,0.12,-0.49,-0.37
2025-02-07,14:21:25.50,0.18,-0.95,-0.27,0.18,-0.43,-0.37
2025-02-07,14:21:26.00,0.18,-0.95,-0.27,0.06,-0.43,-0.37
2025-02-07,14:21:26.50,0.18,-0.95,-0.27,0.18,-0.43,-0.37
2025-02-07,14:21:27.00,0.18,-0.95,-0.27,0.06,-0.43,-0.43
2025-02-07,14:21:27.50,0.18,-0.95,-0.27,0.18,-0.43,-0.37
2025-02-07,14:21:28.00,0.18,-0.95,-0.27,0.12,-0.43,-0.37
2025-02-07,14:21:28.50,0.18,-0.95,-0.27,0.12,-0.49,-0.43
2025-02-07,14:21:29.00,0.18,-0.95,-0.27,0.12,-0.43,-0.31
2025-02-07,14:21:29.50,0.18,-0.95,-0.27,0.12,-0.43,-0.31
2025-02-07,14:21:30.00,0.18,-0.95,-0.27,0.12,-0.43,-0.37
2025-02-07,14:21:30.50,0.18,-0.95,-0.27,0.12,-0.49,-0.37
2025-02-07,14:21:31.00,0.18,-0.95,-0.27,0.12,-0.43,-0.37
2025-02-07,14:21:31.50,0.18,-0.95,-0.27,0.12,-0.43,-0.37
2025-02-07,14:21:32.00,0.18,-0.95,-0.27,0.12,-0.43,-0.37
2025-02-07,14:21:32.50,0.18,-0.95,-0.27,0.12,-0.43,-0.37
2025-02-07,14:21:33.00,0.18,-0.95,-0.27,0.12,-0.43,-0.37
2025-02-07,14:21:33.50,0.18,-0.95,-0.27,0.12,-0.43,-0.37
2025-02-07,14:21:34.00,0.18,-0.95,-0.27,0.12,-0.43,-0.37
2025-02-07,14:21:34.50,0.18,-0.95,-0.27,0.12,-0.43,-0.37
2025-02-07,14:21:35.00,0.18,-0.95,-0.27,0.12,-0.43,-0.37
2025-02-07,14:21:35.50,0.18,-0.95,-0.27,0.12,-0.49,-0.37
2025-02-07,14:21:36.00,0.18,-0.95,-0.27,0.12,-0.43,-0.37
2025-02-07,14:21:36.50,0.18,-0.95,-0.27,0.06,-0.43,-0.37
2025-02-07,14:21:37.00,0.18,-0.95,-0.27,0.12,-0.43,-0.37
2025-02-07,14:21:37.50,0.18,-0.95,-0.27,0.12,-0.43,-0.37
2025-02-07,14:21:38.00,0.18,-0.95,-0.27,0.12,-0.43,-0.37
2025-02-07,14:21:38.50,0.18,-0.95,-0.27,0.18,-0.43,-0.37
2025-02-07,14:21:39.00,0.18,-0.95,-0.27,0.18,-0.43,-0.37
2025-02-07,14:21:39.50,0.18,-0.95,-0.27,0.12,-0.43,-0.37
2025-02-07,14:21:40.00,0.18,-0.95,-0.27,0.18,-0.49,-0.37
2025-02-07,14:21:40.50,0.18,-0.95,-0.27,0.12,-0.43,-0.37
2025-02-07,14:21:41.00,0.18,-0.95,-0.27,0.12,-0.43,-0.37
2025-02-07,14:21:41.50,0.18,-0.95,-0.27,0.18,-0.43,-0.37
2025-02-07,14:21:42.00,0.18,-0.95,-0.27,0.12,-0.43,-0.37
2025-02-07,14:21:42.50,0.18,-0.95,-0.27,0.12,-0.37,-0.37
2025-02-07,14:21:43.00,0.18,-0.95,-0.27,0.12,-0.43,-0.37
2025-02-07,14:21:43.50,0.18,-0.95,-0.27,0.12,-0.43,-0.37
2025-02-07,14:21:44.00,0.18,-0.95,-0.27,0.12,-0.43,-0.37
2025-02-07,14:21:44.50,0.18,-0.95,-0.27,0.06,-0.43,-0.37
2025-02-07,14:21:45.00,0.18,-0.95,-0.27,0.12,-0.43,-0.37
2025-02-07,14:21:45.50,0.18,-0.95,-0.27,0.18,-0.43,-0.37
2025-02-07,14:21:46.00,0.18,-0.95,-0.27,0.12,-0.43,-0.31
2025-02-07,14:21:46.50,0.18,-0.95,-0.27,0.12,-0.43,-0.37
2025-02-07,14:21:47.00,0.18,-0.95,-0.27,0.18,-0.43,-0.31
2025-02-07,14:21:47.50,0.18,-0.95,-0.27,0.06,-0.49,-0.37
2025-02-07,14:21:48.00,0.18,-0.95,-0.27,0.12,-0.43,-0.37
2025-02-07,14:21:48.50,0.18,-0.95,-0.27,0.24,-0.43,-0.37
2025-02-07,14:21:49.00,0.18,-0.95,-0.27,0.12,-0.43,-0.37
2025-02-07,14:21:49.50,0.18,-0.95,-0.27,0.12,-0.43,-0.37
2025-02-07,14:21:50.00,0.18,-0.95,-0.27,0.12,-0.43,-0.31
2025-02-07,14:21:50.50,0.18,-0.95,-0.27,0.12,-0.49,-0.37
2025-02-07,14:21:51.00,0.18,-0.95,-0.27,0.12,-0.43,-0.37
2025-02-07,14:21:51.50,0.18,-0.95,-0.27,0.12,-0.43,-0.37
2025-02-07,14:21:52.00,0.18,-0.95,-0.27,0.12,-0.43,-0.43
2025-02-07,14:21:52.50,0.18,-0.95,-0.27,0.12,-0.43,-0.31
2025-02-07,14:21:53.00,0.18,-0.95,-0.27,0.12,-0.49,-0.37
2025-02-07,14:21:53.50,0.18,-0.95,-0.27,0.06,-0.43,-0.37
2025-02-07,14:21:54.00,0.18,-0.95,-0.27,0.12,-0.43,-0.37
2025-02-07,14:21:54.50,0.18,-0.95,-0.27,0.12,-0.43,-0.37
2025-02-07,14:21:55.00,0.18,-0.95,-0.27,0.12,-0.43,-0.37
2025-02-07,14:21:55.50,0.18,-0.95,-0.27,0.12,-0.43,-0.37
2025-02-07,14:21:56.00,0.18,-0.95,-0.27,0.06,-0.49,-0.37
2025-02-07,14:21:56.50,0.18,-0.95,-0.27,0.12,-0.43,-0.37
2025-02-07,14:21:57.00,0.18,-0.95,-0.27,0.12,-0.43,-0.37
2025-02-07,14:21:57.50,0.18,-0.95,-0.27,0.12,-0.43,-0.43
2025-02-07,14:21:58.00,0.18,-0.95,-0.27,0.12,-0.49,-0.37
2025-02-07,14:21:58.50,0.13,-0.98,-0.11,-1.71,-8.18,-10.31
2025-02-07,14:21:59.00,0.18,-0.93,-0.34,-12.88,-5.74,-17.70
2025-02-07,14:21:59.50,0.26,-1.60,0.22,27.47,-12.94,-19.78
2025-02-07,14:22:0.00,-0.18,-0.93,0.40,14.95,95.58,92.83
2025-02-07,14:22:0.50,-0.78,0.05,-0.66,189.21,262.08,-2.69
2025-02-07,14:22:1.00,0.42,-1.09,-0.53,106.75,220.83,87.95
2025-02-07,14:22:1.50,-0.17,-1.02,-0.59,-19.59,15.01,41.99
2025-02-07,14:22:2.00,-0.63,-0.50,-0.68,-36.01,2.38,104.98
2025-02-07,14:22:2.50,-0.17,0.38,-0.88,69.70,61.77,132.08
2025-02-07,14:22:3.00,0.24,-0.71,-0.85,13.31,33.51,16.72
2025-02-07,14:22:3.50,0.50,-0.74,-0.57,14.22,59.45,36.01
2025-02-07,14:22:4.00,2.74,-1.07,-1.83,-34.42,-323.24,211.61
2025-02-07,14:22:4.50,4.00,0.45,-1.19,325.32,700.62,708.92
2025-02-07,14:22:5.00,0.05,-0.26,-0.79,5.25,-13.73,-12.51
2025-02-07,14:22:5.50,0.02,-0.39,-0.92,-24.60,-39.67,-27.71
2025-02-07,14:22:6.00,-0.07,-0.39,-0.94,11.35,5.25,1.83
2025-02-07,14:22:6.50,-0.16,-0.34,-0.94,3.78,-8.73,5.19
2025-02-07,14:22:7.00,-0.21,-0.18,-1.09,-88.50,-100.10,-86.73
2025-02-07,14:22:7.50,-0.34,-0.34,-0.90,-1.65,4.21,36.68
2025-02-07,14:22:8.00,-0.38,-0.21,-0.89,-24.60,-35.77,-49.87
2025-02-07,14:22:8.50,-0.43,-0.31,-0.97,11.35,25.09,0.43
2025-02-07,14:22:9.00,-0.38,-0.45,-0.89,-6.10,-4.09,10.31
2025-02-07,14:22:9.50,-0.43,-0.36,-0.84,-10.38,-7.87,-19.35
2025-02-07,14:22:10.00,-0.40,-0.35,-0.96,8.12,-2.56,-6.29
2025-02-07,14:22:10.50,-0.39,-0.33,-0.85,-15.44,-18.98,-20.51
2025-02-07,14:22:11.00,-0.43,-0.38,-0.87,7.57,-6.04,0.06
2025-02-07,14:22:11.50,-0.43,-0.31,-0.97,6.71,4.15,19.96
2025-02-07,14:22:12.00,-0.47,-0.30,-0.92,-5.31,-14.04,-11.23
2025-02-07,14:22:12.50,-0.48,-0.30,-0.82,-6.77,-3.42,-9.70
2025-02-07,14:22:13.00,-0.47,-0.24,-0.92,7.93,-8.30,-9.89
2025-02-07,14:22:13.50,-0.44,-0.48,-0.79,-6.04,-23.25,-32.84
2025-02-07,14:22:14.00,-0.42,-0.69,-0.65,-2.01,-10.13,-7.39
2025-02-07,14:22:14.50,-0.39,-0.57,-0.72,-2.32,-3.11,-0.73
2025-02-07,14:22:15.00,-0.40,-0.66,-0.64,-8.97,1.22,-3.42
2025-02-07,14:22:15.50,-0.38,-0.59,-0.72,1.40,3.17,5.80
2025-02-07,14:22:16.00,-0.38,-0.58,-0.74,-3.54,-0.92,1.40
2025-02-07,14:22:16.50,-0.40,-0.58,-0.72,1.71,2.99,1.95
2025-02-07,14:22:17.00,-0.35,-0.54,-0.80,-1.83,24.17,19.29
2025-02-07,14:22:17.50,-0.23,-0.48,-0.91,11.78,30.46,29.97
2025-02-07,14:22:18.00,-0.21,-0.46,-0.87,0.43,0.43,6.90
2025-02-07,14:22:18.50,-0.22,-0.46,-0.87,3.17,0.98,2.93
2025-02-07,14:22:19.00,-0.21,-0.45,-0.88,-5.31,0.12,0.49
2025-02-07,14:22:19.50,-0.22,-0.46,-0.89,5.86,1.10,0.24
2025-02-07,14:22:20.00,-0.21,-0.49,-0.89,3.85,1.59,-0.18
2025-02-07,14:22:20.50,-0.25,-0.49,-0.79,-5.86,-4.64,-4.82
2025-02-07,14:22:21.00,-0.25,-0.48,-0.88,5.43,0.79,1.10
2025-02-07,14:22:21.50,-0.25,-0.44,-0.88,4.21,1.04,1.65
2025-02-07,14:22:22.00,-0.27,-0.45,-0.81,-8.54,-7.08,-4.03
2025-02-07,14:22:22.50,-0.24,-0.47,-0.85,1.16,2.87,-0.31
2025-02-07,14:22:23.00,-0.21,-0.39,-0.81,-11.90,1.16,-29.48
2025-02-07,14:22:23.50,-0.08,-0.50,-0.57,22.71,70.13,-0.24
2025-02-07,14:22:24.00,-0.26,-0.40,-0.88,-15.87,13.18,20.57
2025-02-07,14:22:24.50,-0.03,-0.36,-0.78,30.64,52.61,-9.95
2025-02-07,14:22:25.00,0.52,-0.48,-0.64,48.77,54.02,-49.74
2025-02-07,14:22:25.50,1.08,-0.26,-0.17,104.80,9.83,-8.36
2025-02-07,14:22:26.00,1.34,-0.26,-0.03,162.11,-73.91,-74.83
2025-02-07,14:22:26.50,1.40,0.18,-0.30,-93.63,250.92,83.25
2025-02-07,14:22:27.00,2.20,0.39,0.32,173.89,-644.29,165.47
2025-02-07,14:22:27.50,0.59,-0.08,0.94,89.90,-317.87,-109.50
2025-02-07,14:22:28.00,1.83,0.49,0.51,-165.71,299.93,257.45
2025-02-07,14:22:28.50,3.18,0.71,0.01,-150.27,569.09,155.03
2025-02-07,14:22:29.00,1.68,0.07,-0.16,294.92,-225.34,-53.04
2025-02-07,14:22:29.50,1.50,-0.24,0.04,363.83,-186.28,-234.19
2025-02-07,14:22:30.00,1.15,-0.36,0.37,53.10,-16.05,-188.96
2025-02-07,14:22:30.50,0.78,-0.29,0.14,-99.98,73.73,-34.30
2025-02-07,14:22:31.00,0.97,-0.11,0.01,-295.23,190.61,141.72
2025-02-07,14:22:31.50,1.13,-0.14,-0.39,44.25,-43.09,-87.71
2025-02-07,14:22:32.00,1.02,-0.08,-0.21,-116.39,44.43,29.79
2025-02-07,14:22:32.50,1.05,-0.01,-0.22,50.29,-69.89,-34.24
2025-02-07,14:22:33.00,1.01,-0.14,-0.37,-21.18,46.94,2.32
2025-02-07,14:22:33.50,1.07,-0.10,-0.35,-3.48,18.07,19.41
2025-02-07,14:22:34.00,0.74,-0.25,-0.28,49.32,-43.27,-29.72
2025-02-07,14:22:34.50,0.87,-0.15,-0.32,-9.22,5.13,9.46
2025-02-07,14:22:35.00,1.00,-0.13,-0.30,27.28,-2.38,-10.68
2025-02-07,14:22:35.50,0.95,-0.16,-0.25,23.68,-0.98,-10.01
2025-02-07,14:22:36.00,0.99,-0.06,-0.18,-2.69,4.33,8.97
2025-02-07,14:22:36.50,0.96,0.05,-0.04,-5.19,3.42,-11.41
2025-02-07,14:22:37.00,0.91,-0.06,-0.28,21.67,-121.22,102.60
2025-02-07,14:22:37.50,1.51,-0.10,-0.31,-98.51,-101.81,85.63
2025-02-07,14:22:38.00,1.59,-0.19,-0.31,-34.48,201.66,-167.24
2025-02-07,14:22:38.50,1.18,0.03,-0.04,-1.65,175.78,-184.75
2025-02-07,14:22:39.00,0.60,0.15,0.02,18.74,-8.97,-46.26
2025-02-07,14:22:39.50,0.84,0.16,-0.07,3.72,-73.43,47.91
2025-02-07,14:22:40.00,0.99,0.13,-0.07,-16.85,-37.41,44.56
2025-02-07,14:22:40.50,1.01,0.09,-0.02,2.93,-2.32,4.82
2025-02-07,14:22:41.00,1.02,0.11,-0.04,0.85,-9.09,0.43
2025-02-07,14:22:41.50,1.00,0.08,-0.06,0.67,-7.57,3.85
2025-02-07,14:22:42.00,0.96,0.09,-0.09,-0.18,-1.28,0.55
2025-02-07,14:22:42.50,0.99,0.09,-0.08,-0.85,3.72,1.65
2025-02-07,14:22:43.00,1.03,0.10,-0.06,-1.10,3.36,2.32
2025-02-07,14:22:43.50,0.96,0.10,-0.07,-1.46,6.71,-0.12
2025-02-07,14:22:44.00,0.97,0.08,-0.05,-0.61,7.08,0.92
2025-02-07,14:22:44.50,1.04,0.20,0.00,-11.47,12.45,36.80
2025-02-07,14:22:45.00,1.05,0.11,0.01,13.06,-4.94,4.21
2025-02-07,14:22:45.50,0.99,0.11,-0.03,5.25,-8.12,4.52
2025-02-07,14:22:46.00,1.00,0.06,-0.09,9.52,4.52,-3.48
2025-02-07,14:22:46.50,1.02,0.03,-0.06,1.77,1.77,-22.28
2025-02-07,14:22:47.00,1.03,0.05,-0.09,3.85,-2.32,-2.81
2025-02-07,14:22:47.50,1.03,0.11,0.01,54.44,6.84,-17.21
2025-02-07,14:22:48.00,2.55,0.48,0.61,-96.86,-755.31,0.73
2025-02-07,14:22:48.50,2.79,0.42,0.01,-39.43,385.31,-530.64
2025-02-07,14:22:49.00,3.67,0.73,0.09,-124.82,568.54,131.53
2025-02-07,14:22:49.50,1.52,-0.04,-0.21,263.98,-207.40,-298.65
2025-02-07,14:22:50.00,1.31,-0.29,-0.19,-75.81,243.35,-83.74
2025-02-07,14:22:50.50,0.92,-0.37,-0.17,117.98,-15.38,-94.60
2025-02-07,14:22:51.00,1.10,-0.22,-0.15,-6.71,2.20,-35.89
2025-02-07,14:22:51.50,0.92,-0.25,-0.29,13.92,-44.19,14.22
2025-02-07,14:22:52.00,1.22,0.16,-0.14,-36.44,98.45,-35.77
2025-02-07,14:22:52.50,1.08,0.08,-0.33,-36.56,-122.50,98.82
2025-02-07,14:22:53.00,0.73,-0.21,-0.14,-66.16,-9.28,-115.17
2025-02-07,14:22:53.50,0.68,-0.35,-0.62,6.84,-2.26,-61.58
2025-02-07,14:22:54.00,1.11,-0.43,-0.81,23.86,218.93,58.41
2025-02-07,14:22:54.50,0.67,-0.59,-0.63,8.30,3.66,61.10
2025-02-07,14:22:55.00,0.60,-0.48,-0.65,-3.66,-12.02,-9.77
2025-02-07,14:22:55.50,0.59,-0.49,-0.63,2.32,-1.95,-5.49
2025-02-07,14:22:56.00,0.67,-0.42,-0.50,-8.06,-10.07,23.13
2025-02-07,14:22:56.50,0.56,-0.43,-0.61,2.26,-1.10,5.19
2025-02-07,14:22:57.00,0.60,-0.48,-0.63,0.49,1.34,-0.12
2025-02-07,14:22:57.50,0.50,-0.55,-0.77,1.34,-6.35,11.90
2025-02-07,14:22:58.00,-0.01,-0.63,-0.94,-9.34,-73.91,63.48
2025-02-07,14:22:58.50,0.15,-0.64,-0.93,0.43,11.78,-9.34
2025-02-07,14:22:59.00,0.14,-0.57,-0.76,2.26,-0.85,9.34
2025-02-07,14:22:59.50,0.24,-0.53,-0.90,0.18,7.20,0.18
2025-02-07,14:23:0.00,0.27,-0.50,-0.77,0.24,5.55,-4.39
2025-02-07,14:23:0.50,0.38,-0.42,-0.71,-0.67,7.69,5.74
2025-02-07,14:23:1.00,0.55,-0.46,-0.67,1.95,-13.49,-9.46
2025-02-07,14:23:1.50,0.60,-0.46,-0.66,4.82,7.26,1.34
2025-02-07,14:23:2.00,0.61,-0.46,-0.64,-6.41,-11.23,-11.84
2025-02-07,14:23:2.50,0.61,-0.42,-0.63,1.34,3.54,0.79
2025-02-07,14:23:3.00,0.75,-0.30,-0.56,97.17,48.40,-32.47
2025-02-07,14:23:3.50,1.10,-0.41,-0.41,125.31,-69.64,-18.01
2025-02-07,14:23:4.00,0.88,-0.68,-0.29,77.88,-123.54,-0.31
2025-02-07,14:23:4.50,0.82,-0.77,-0.00,139.77,-312.44,-182.98
2025-02-07,14:23:5.00,0.59,-0.69,0.21,-8.00,158.14,43.58
2025-02-07,14:23:5.50,0.18,-0.80,0.09,-86.12,96.74,143.86
2025-02-07,14:23:6.00,1.41,-0.06,-1.20,-286.44,175.35,146.24
2025-02-07,14:23:6.50,0.14,-0.50,-0.59,0.37,75.20,-54.63
2025-02-07,14:23:7.00,0.65,-0.01,-0.85,-56.15,29.42,39.37
2025-02-07,14:23:7.50,0.68,-0.04,-0.72,-11.35,17.64,18.68
2025-02-07,14:23:8.00,0.69,-0.09,-0.73,-1.77,2.44,3.85
2025-02-07,14:23:8.50,0.70,-0.12,-0.73,-3.66,1.95,3.60
2025-02-07,14:23:9.00,0.71,-0.13,-0.70,1.04,3.78,4.82
2025-02-07,14:23:9.50,0.70,-0.14,-0.68,0.55,0.12,0.31
2025-02-07,14:23:10.00,0.71,-0.15,-0.68,0.06,-5.07,-9.34
2025-02-07,14:23:10.50,0.70,-0.15,-0.66,0.92,-0.43,-1.77
2025-02-07,14:23:11.00,0.71,-0.12,-0.69,-0.18,2.87,4.70
2025-02-07,14:23:11.50,0.71,-0.12,-0.68,0.00,-1.65,-2.81
2025-02-07,14:23:12.00,0.70,-0.12,-0.70,0.12,-5.07,-2.75
2025-02-07,14:23:12.50,0.71,-0.14,-0.69,-0.85,2.81,1.10
2025-02-07,14:23:13.00,0.70,-0.12,-0.67,0.18,-0.24,1.28
2025-02-07,14:23:13.50,0.72,-0.12,-0.67,-0.18,1.28,2.87
2025-02-07,14:23:14.00,0.72,-0.12,-0.69,-1.22,-0.18,-2.62
2025-02-07,14:23:14.50,0.72,-0.17,-0.62,-11.05,-0.18,-3.05
2025-02-07,14:23:15.00,0.81,-0.14,-0.54,-19.35,35.40,9.95
2025-02-07,14:23:15.50,0.93,-0.08,-0.51,29.36,10.93,-0.73
2025-02-07,14:23:16.00,0.74,-0.19,-0.62,18.49,-25.82,-6.59
2025-02-07,14:23:16.50,0.72,-0.14,-0.71,10.80,-6.35,2.50
2025-02-07,14:23:17.00,0.79,-0.32,-0.36,-36.07,43.95,23.13
2025-02-07,14:23:17.50,-0.15,-0.17,-0.48,-26.67,-150.88,23.44
2025-02-07,14:23:18.00,0.18,0.31,-0.61,323.24,259.34,57.74
2025-02-07,14:23:18.50,0.57,-0.29,-0.34,60.12,33.51,8.36
2025-02-07,14:23:19.00,0.86,-0.58,-0.31,6.41,8.00,-7.02
2025-02-07,14:23:19.50,0.82,-0.48,-0.35,2.50,-9.28,-7.63
2025-02-07,14:23:20.00,0.82,-0.48,-0.36,-0.49,2.93,1.34
2025-02-07,14:23:20.50,0.96,-0.87,-0.66,10.62,16.78,13.00
2025-02-07,14:23:21.00,0.64,-0.52,-0.37,6.59,-33.20,-6.10
2025-02-07,14:23:21.50,0.60,-0.67,-0.40,12.33,5.19,1.10
2025-02-07,14:23:22.00,0.70,-0.61,-0.34,25.70,5.43,-12.88
2025-02-07,14:23:22.50,0.37,-0.89,-0.62,6.90,-37.48,61.22
2025-02-07,14:23:23.00,0.05,-0.74,-0.74,-86.18,-104.98,-14.22
2025-02-07,14:23:23.50,-0.39,-0.31,-0.89,-91.31,-71.72,-42.85
2025-02-07,14:23:24.00,-0.89,0.20,0.37,-76.78,-49.01,-7.81
2025-02-07,14:23:24.50,-0.58,-0.07,0.71,2.69,-43.21,25.09
2025-02-07,14:23:25.00,-0.20,-0.05,0.98,-16.66,-25.15,11.54
2025-02-07,14:23:25.50,-0.18,0.36,0.92,11.41,-0.92,16.85
2025-02-07,14:23:26.00,0.26,-0.17,1.24,-29.54,-177.55,-51.70
2025-02-07,14:23:26.50,0.14,0.07,0.96,-6.23,2.75,-3.66
2025-02-07,14:23:27.00,0.09,0.03,1.02,-8.73,3.11,1.59
2025-02-07,14:23:27.50,0.06,-0.00,1.01,2.32,-0.18,-12.45
2025-02-07,14:23:28.00,0.08,-0.02,1.02,-1.40,-2.81,-1.46
2025-02-07,14:23:28.50,0.09,-0.05,1.04,-2.44,-2.01,0.55
2025-02-07,14:23:29.00,0.11,-0.02,0.98,-3.11,-11.60,2.44
2025-02-07,14:23:29.50,0.09,-0.04,1.01,0.61,-2.14,-4.46
2025-02-07,14:23:30.00,0.11,-0.04,1.01,-1.46,-2.56,0.61
2025-02-07,14:23:30.50,0.10,-0.05,1.00,1.89,3.60,-2.99
2025-02-07,14:23:31.00,0.11,-0.05,1.01,-0.24,2.50,1.53
2025-02-07,14:23:31.50,0.12,-0.01,1.02,-0.55,-1.10,-1.46
2025-02-07,14:23:32.00,0.15,-0.07,1.03,-1.89,2.75,3.91
2025-02-07,14:23:32.50,0.16,-0.09,1.02,2.01,9.03,-2.56
2025-02-07,14:23:33.00,0.05,-0.07,0.84,0.37,-0.12,-0.18
2025-02-07,14:23:33.50,0.09,-0.06,0.89,2.87,36.68,-3.97
2025-02-07,14:23:34.00,0.22,-0.06,0.85,0.37,-1.04,-5.86
2025-02-07,14:23:34.50,0.15,-0.07,1.27,9.03,51.33,1.04
2025-02-07,14:23:35.00,0.33,-0.07,0.67,-10.99,-74.95,-7.93
2025-02-07,14:23:35.50,0.22,-0.11,1.42,-0.92,-11.05,5.68
2025-02-07,14:23:36.00,0.06,-0.08,0.76,0.37,78.80,-0.55
2025-02-07,14:23:36.50,0.26,0.16,1.15,-16.72,26.43,-51.64
2025-02-07,14:23:37.00,0.17,-0.22,0.89,-16.91,-5.00,-32.10
2025-02-07,14:23:37.50,1.30,-0.25,1.29,340.58,147.09,58.17
2025-02-07,14:23:38.00,4.00,0.11,0.68,1025.82,202.88,662.72
2025-02-07,14:23:38.50,1.55,-0.72,0.92,85.08,161.07,278.50
2025-02-07,14:23:39.00,0.79,-0.54,0.60,15.56,16.42,46.02
2025-02-07,14:23:39.50,0.70,-0.37,0.59,16.66,13.43,-21.24
2025-02-07,14:23:40.00,1.01,-0.05,0.44,36.32,-94.67,-50.60
2025-02-07,14:23:40.50,2.54,0.31,0.44,461.79,632.69,697.69
2025-02-07,14:23:41.00,0.42,-1.21,-0.06,-28.14,-13.31,468.81
2025-02-07,14:23:41.50,1.37,0.62,-0.20,-109.50,257.02,437.32
2025-02-07,14:23:42.00,1.57,0.32,-0.01,94.91,-183.96,-223.27
2025-02-07,14:23:42.50,4.00,0.67,0.47,282.84,-610.96,-250.85
2025-02-07,14:23:43.00,2.13,0.43,-0.16,-300.48,292.54,210.45
2025-02-07,14:23:43.50,1.90,0.14,0.22,105.96,-246.89,-197.69
2025-02-07,14:23:44.00,2.22,0.41,-0.07,65.98,253.05,25.76
2025-02-07,14:23:44.50,-0.05,-1.04,0.57,-348.82,19.04,268.62
2025-02-07,14:23:45.00,4.00,0.95,-0.24,-293.88,841.67,423.10
2025-02-07,14:23:45.50,4.00,0.63,0.37,-704.04,-650.27,395.69
2025-02-07,14:23:46.00,1.34,0.84,-0.05,-189.15,36.99,336.55
2025-02-07,14:23:46.50,2.97,0.17,0.45,89.78,-160.34,-504.39
2025-02-07,14:23:47.00,0.48,-0.49,-0.19,79.90,-6.84,296.63
2025-02-07,14:23:47.50,1.05,0.15,0.03,-2.14,-41.99,-1.53
2025-02-07,14:23:48.00,0.50,-0.75,-0.52,7.14,7.63,228.03
2025-02-07,14:23:48.50,0.25,-0.92,-0.29,1.10,-34.73,43.70
2025-02-07,14:23:49.00,0.25,-0.89,-0.39,18.55,63.29,13.73
2025-02-07,14:23:49.50,0.13,-0.88,0.04,81.24,76.05,71.78
2025-02-07,14:23:50.00,0.06,-0.99,0.15,-10.68,21.36,-10.50
2025-02-07,14:23:50.50,0.03,-1.05,0.13,3.85,3.72,6.16
2025-02-07,14:23:51.00,0.03,-1.00,0.16,0.18,-0.37,-0.06
2025-02-07,14:23:51.50,0.02,-1.00,0.16,0.00,-0.49,-0.06
2025-02-07,14:23:52.00,0.02,-1.00,0.16,0.00,-1.71,0.12
2025-02-07,14:23:52.50,0.03,-1.00,0.16,0.12,-0.31,0.00
2025-02-07,14:23:53.00,-0.01,-1.02,0.15,4.39,-2.01,1.34
2025-02-07,14:23:53.50,0.03,-1.00,0.15,0.12,-0.49,-0.43
2025-02-07,14:23:54.00,0.03,-0.99,0.14,-1.22,0.61,0.31
2025-02-07,14:23:54.50,0.02,-1.00,0.15,0.00,-0.24,-0.12
2025-02-07,14:23:55.00,0.02,-1.00,0.15,0.12,-0.67,-0.55
2025-02-07,14:23:55.50,0.02,-1.01,0.14,2.62,0.92,-0.31
2025-02-07,14:23:56.00,0.02,-1.00,0.15,0.12,-0.12,-0.06
2025-02-07,14:23:56.50,0.01,-1.01,0.16,0.12,-0.67,0.18
2025-02-07,14:23:57.00,0.01,-1.00,0.16,0.12,-0.67,0.37
2025-02-07,14:23:57.50,0.01,-1.00,0.15,-0.12,-1.16,1.28
2025-02-07,14:23:58.00,0.01,-1.00,0.16,0.06,-0.85,-0.61
2025-02-07,14:23:58.50,0.01,-1.00,0.15,0.18,-0.06,0.06
2025-02-07,14:23:59.00,0.01,-1.01,0.14,-0.24,-2.56,1.34
2025-02-07,14:23:59.50,-0.00,-1.00,0.16,0.43,-0.18,0.31
2025-02-07,14:24:0.00,0.00,-1.01,0.15,0.18,-1.16,-0.49
2025-02-07,14:24:0.50,0.00,-1.00,0.15,0.06,-0.37,-0.79
2025-02-07,14:24:1.00,0.01,-1.00,0.16,-0.43,-1.04,-0.24
2025-02-07,14:24:1.50,0.00,-1.01,0.15,0.12,-0.37,-0.31
2025-02-07,14:24:2.00,0.00,-1.00,0.15,0.18,-0.43,-0.37
2025-02-07,14:24:2.50,0.01,-1.00,0.15,-0.43,-0.73,-0.24
2025-02-07,14:24:3.00,-0.00,-1.00,0.16,0.55,-0.18,-0.67
2025-02-07,14:24:3.50,-0.00,-1.00,0.16,0.18,-0.85,-0.49
2025-02-07,14:24:4.00,-0.00,-1.00,0.16,0.12,-0.06,-0.37
2025-02-07,14:24:4.50,-0.00,-1.00,0.16,-0.55,-0.18,-1.40
2025-02-07,14:24:5.00,0.00,-1.00,0.16,-0.31,-0.73,-0.73
2025-02-07,14:24:5.50,-0.00,-1.00,0.16,0.18,-0.43,-0.49
2025-02-07,14:24:6.00,-0.00,-1.00,0.16,0.24,-0.49,-0.55
2025-02-07,14:24:6.50,-0.00,-1.00,0.16,0.06,-0.37,-0.18
2025-02-07,14:24:7.00,-0.00,-1.00,0.16,0.31,-0.18,-0.18
2025-02-07,14:24:7.50,-0.00,-1.00,0.15,0.12,-0.37,-0.24
2025-02-07,14:24:8.00,-0.00,-1.00,0.16,0.18,-0.43,-0.37
2025-02-07,14:24:8.50,-0.01,-1.01,0.16,0.24,-0.12,-0.49
2025-02-07,14:24:9.00,-0.00,-1.01,0.16,0.24,-0.43,-0.49
2025-02-07,14:24:9.50,0.00,-1.01,0.16,0.55,-0.06,0.61
2025-02-07,14:24:10.00,-0.00,-1.00,0.16,0.37,-0.37,-0.49
2025-02-07,14:24:10.50,-0.00,-1.00,0.16,0.12,-0.43,-0.37
2025-02-07,14:24:11.00,-0.00,-1.01,0.16,0.24,-0.43,-0.49
2025-02-07,14:24:11.50,-0.01,-1.00,0.15,-0.06,-0.37,-0.31
2025-02-07,14:24:12.00,-0.00,-1.01,0.16,0.00,-0.79,-0.24
2025-02-07,14:24:12.50,-0.00,-1.00,0.16,0.00,-0.49,-0.37
2025-02-07,14:24:13.00,0.00,-1.00,0.15,0.06,-0.49,-0.43
2025-02-07,14:24:13.50,0.00,-1.00,0.16,-0.24,0.73,-0.92
2025-02-07,14:24:14.00,0.00,-1.00,0.15,0.24,-0.37,-0.18
2025-02-07,14:24:14.50,-0.00,-1.01,0.15,0.24,0.00,-0.12
2025-02-07,14:24:15.00,-0.00,-1.00,0.16,0.12,-0.49,-0.43
2025-02-07,14:24:15.50,0.00,-1.01,0.16,0.24,-0.37,-0.24
2025-02-07,14:24:16.00,-0.00,-1.00,0.16,0.24,-0.24,-0.18
2025-02-07,14:24:16.50,-0.00,-1.00,0.16,0.06,-0.49,-0.37
2025-02-07,14:24:17.00,-0.00,-1.00,0.16,0.18,-0.43,-0.37
2025-02-07,14:24:17.50,-0.00,-1.00,0.16,0.12,-0.37,-0.37
2025-02-07,14:24:18.00,-0.00,-1.00,0.16,0.24,-0.31,-0.18
2025-02-07,14:24:18.50,-0.00,-1.00,0.16,0.12,-0.37,-0.31
2025-02-07,14:24:19.00,0.00,-1.00,0.16,0.49,-1.04,-0.85
2025-02-07,14:24:19.50,-0.00,-1.00,0.15,0.06,-0.49,-0.55
2025-02-07,14:24:20.00,-0.00,-1.00,0.16,-0.18,-0.12,-0.73
2025-02-07,14:24:20.50,-0.00,-1.00,0.16,0.24,-0.43,-0.18
2025-02-07,14:24:21.00,-0.00,-1.00,0.16,0.18,0.73,-1.04
2025-02-07,14:24:21.50,-0.00,-1.00,0.15,0.06,-0.55,-0.49
2025-02-07,14:24:22.00,-0.00,-1.00,0.15,0.06,-0.31,-0.06
2025-02-07,14:24:22.50,-0.00,-1.00,0.16,0.18,-0.37,-0.24
2025-02-07,14:24:23.00,-0.00,-1.00,0.16,0.06,-0.55,-0.43
2025-02-07,14:24:23.50,-0.00,-1.00,0.15,0.37,-0.31,-0.18
2025-02-07,14:24:24.00,-0.00,-1.00,0.16,0.18,-0.31,-0.31
2025-02-07,14:24:24.50,-0.00,-1.00,0.16,0.12,-0.92,-0.12
2025-02-07,14:24:25.00,-0.00,-1.00,0.16,0.12,-0.43,-0.37
2025-02-07,14:24:25.50,-0.00,-1.00,0.16,-0.24,-0.92,-0.85
2025-02-07,14:24:26.00,-0.00,-1.00,0.16,-0.06,-0.61,-0.49
2025-02-07,14:24:26.50,-0.00,-1.00,0.16,0.06,-0.49,-0.37
2025-02-07,14:24:27.00,-0.00,-1.00,0.16,0.49,-0.12,-0.12
2025-02-07,14:24:27.50,-0.00,-1.00,0.16,0.31,-0.55,-0.49
2025-02-07,14:24:28.00,-0.01,-1.00,0.16,-0.24,-0.92,-0.85
2025-02-07,14:24:28.50,-0.00,-1.00,0.15,0.12,-0.55,-0.37
2025-02-07,14:24:29.00,-0.00,-1.00,0.15,0.06,-0.43,-0.31
2025-02-07,14:24:29.50,-0.00,-1.00,0.16,0.06,-0.24,-0.18
2025-02-07,14:24:30.00,-0.00,-1.00,0.15,0.06,-0.43,-0.31
2025-02-07,14:24:30.50,-0.00,-1.00,0.15,0.12,-0.49,-0.37
2025-02-07,14:24:31.00,0.00,-1.00,0.16,0.12,-0.37,-0.24
2025-02-07,14:24:31.50,-0.00,-1.00,0.16,0.18,-0.49,-0.37
2025-02-07,14:24:32.00,-0.00,-1.00,0.16,0.24,-0.31,-0.43
2025-02-07,14:24:32.50,-0.00,-1.00,0.16,0.18,-0.49,-0.43
2025-02-07,14:24:33.00,-0.00,-1.00,0.16,0.12,-0.43,-0.37
2025-02-07,14:24:33.50,-0.00,-1.00,0.16,0.43,0.00,-0.55
2025-02-07,14:24:34.00,-0.00,-1.00,0.16,0.12,-0.43,-0.37
2025-02-07,14:24:34.50,-0.00,-1.01,0.15,-0.06,-1.46,-0.24
2025-02-07,14:24:35.00,-0.00,-1.00,0.16,0.24,-0.43,-0.43
2025-02-07,14:24:35.50,-0.00,-1.00,0.15,0.12,-0.18,-0.37
2025-02-07,14:24:36.00,-0.00,-1.00,0.15,0.12,-0.49,-0.37
2025-02-07,14:24:36.50,-0.00,-1.00,0.16,0.24,-0.37,-0.43
2025-02-07,14:24:37.00,-0.00,-1.00,0.16,0.24,-0.43,-0.43
2025-02-07,14:24:37.50,-0.00,-1.00,0.16,0.12,-0.43,-0.31
2025-02-07,14:24:38.00,-0.00,-1.00,0.15,0.18,-0.43,-0.37
2025-02-07,14:24:38.50,-0.00,-1.00,0.15,0.12,-0.43,-0.31
2025-02-07,14:24:39.00,-0.00,-1.00,0.15,0.12,0.37,-0.43
2025-02-07,14:24:39.50,-0.00,-1.00,0.15,0.18,-0.61,-0.37
2025-02-07,14:24:40.00,-0.00,-1.00,0.16,0.12,-0.49,-0.37
2025-02-07,14:24:40.50,-0.00,-1.00,0.15,0.00,-0.49,-0.31
2025-02-07,14:24:41.00,-0.00,-1.00,0.16,0.12,-0.49,-0.37
2025-02-07,14:24:41.50,-0.00,-1.00,0.15,0.06,-0.55,-0.49
2025-02-07,14:24:42.00,-0.00,-1.00,0.15,0.18,-0.37,-0.18
2025-02-07,14:24:42.50,-0.00,-1.00,0.15,0.18,-0.43,-0.43
2025-02-07,14:24:43.00,0.01,-1.00,0.16,1.16,-0.98,-0.24
2025-02-07,14:24:43.50,-0.01,-1.00,0.15,0.06,-0.67,-0.37
2025-02-07,14:24:44.00,-0.00,-1.00,0.15,0.12,-0.43,-0.37
2025-02-07,14:24:44.50,-0.00,-1.00,0.15,0.18,-0.49,-0.43
2025-02-07,14:24:45.00,-0.00,-1.00,0.15,0.18,-0.43,-0.37
2025-02-07,14:24:45.50,-0.00,-1.01,0.15,0.12,-0.43,-0.37
2025-02-07,14:24:46.00,-0.00,-1.00,0.15,0.24,0.37,-0.61
2025-02-07,14:24:46.50,-0.00,-1.00,0.15,0.12,0.00,-0.37
2025-02-07,14:24:47.00,0.01,-1.00,0.16,-0.12,-0.61,-0.43
2025-02-07,14:24:47.50,-0.00,-1.00,0.15,0.06,-0.49,-0.31
2025-02-07,14:24:48.00,-0.00,-1.00,0.15,0.43,-1.40,0.00
2025-02-07,14:24:48.50,-0.00,-1.00,0.15,0.06,-0.43,-0.37
2025-02-07,14:24:49.00,-0.01,-1.00,0.15,0.37,-0.49,-0.43
2025-02-07,14:24:49.50,-0.00,-1.00,0.15,0.73,-0.43,-0.55
2025-02-07,14:24:50.00,-0.00,-1.01,0.15,0.31,-0.37,-0.43
2025-02-07,14:24:50.50,-0.00,-1.00,0.15,0.49,-0.49,-0.49
2025-02-07,14:24:51.00,-0.00,-1.01,0.15,-0.37,-0.06,-0.24
2025-02-07,14:24:51.50,-0.00,-1.01,0.15,-0.49,-1.22,-0.06
2025-02-07,14:24:52.00,-0.01,-1.00,0.15,-0.06,-1.04,-0.24
2025-02-07,14:24:52.50,-0.00,-1.00,0.15,-0.49,-0.49,-0.12
2025-02-07,14:24:53.00,-0.01,-1.01,0.15,0.18,-1.53,-0.24
2025-02-07,14:24:53.50,0.01,-1.00,0.16,2.14,-1.53,-0.61
2025-02-07,14:24:54.00,-0.01,-1.01,0.15,-6.65,-7.75,5.92
2025-02-07,14:24:54.50,-0.04,-0.84,0.28,-25.33,-2.56,110.47
2025-02-07,14:24:55.00,-0.63,-0.14,-0.79,-44.74,36.44,27.28
2025-02-07,14:24:55.50,-0.47,0.09,-0.55,-46.51,10.07,-34.42
2025-02-07,14:24:56.00,-0.62,0.11,-0.82,-38.15,-49.32,11.90
2025-02-07,14:24:56.50,0.21,0.23,-1.28,73.55,-13.79,-51.76
2025-02-07,14:24:57.00,-0.34,-0.10,-1.12,24.41,11.29,-11.54
2025-02-07,14:24:57.50,0.66,-1.04,1.21,-226.81,-284.30,-112.12
2025-02-07,14:24:58.00,-0.02,-0.60,0.83,236.69,78.12,-40.41
2025-02-07,14:24:58.50,-0.01,-0.46,-0.77,408.87,75.93,20.87
2025-02-07,14:24:59.00,-0.58,-0.66,0.48,-27.04,-26.73,-39.37
2025-02-07,14:24:59.50,-0.36,-1.06,0.58,-285.52,-335.21,234.56
2025-02-07,14:25:0.00,-0.14,0.37,1.15,47.18,-27.22,-33.69
2025-02-07,14:25:0.50,-0.10,0.12,0.52,210.75,183.72,-86.49
2025-02-07,14:25:1.00,0.09,0.27,0.40,3.91,-195.50,-245.73
2025-02-07,14:25:1.50,3.97,0.69,-0.56,989.38,511.54,-702.09
2025-02-07,14:25:2.00,4.00,-0.45,0.46,324.83,-489.87,-681.95
2025-02-07,14:25:2.50,0.97,-0.60,0.21,-115.72,131.84,36.38
2025-02-07,14:25:3.00,1.31,-0.49,0.46,120.67,-8.36,191.77
2025-02-07,14:25:3.50,0.84,-0.51,1.59,42.48,104.00,80.51
2025-02-07,14:25:4.00,-0.36,-0.74,0.16,184.14,244.20,-267.15
2025-02-07,14:25:4.50,0.25,-0.55,-1.08,-13.61,38.27,78.92
2025-02-07,14:25:5.00,0.06,-0.66,-0.84,20.14,58.59,43.58
2025-02-07,14:25:5.50,-0.25,-0.84,-0.64,73.79,69.34,86.24
2025-02-07,14:25:6.00,-0.89,-0.17,-0.49,61.46,5.92,-17.27
2025-02-07,14:25:6.50,-0.73,0.26,0.00,9.77,-148.80,196.66
2025-02-07,14:25:7.00,0.01,0.07,1.07,-60.55,-15.99,-17.09
2025-02-07,14:25:7.50,0.03,-0.47,0.86,-114.07,-50.05,19.59
2025-02-07,14:25:8.00,0.41,-0.81,0.08,-21.48,-152.16,17.15
2025-02-07,14:25:8.50,-0.33,-0.81,-0.13,-64.27,-230.53,12.39
2025-02-07,14:25:9.00,-0.83,-0.57,0.01,-42.24,-81.60,53.65
2025-02-07,14:25:9.50,-0.85,0.21,0.58,39.79,-2.32,53.34
2025-02-07,14:25:10.00,-0.03,1.01,-0.16,99.67,103.52,101.44
2025-02-07,14:25:10.50,0.20,0.85,-0.45,11.23,-0.24,-2.50
2025-02-07,14:25:11.00,0.26,0.56,-0.55,228.03,46.81,24.72
2025-02-07,14:25:11.50,0.22,-0.72,-0.71,2.26,55.30,-0.67
2025-02-07,14:25:12.00,1.65,-0.91,-1.53,117.07,44.01,14.16
2025-02-07,14:25:12.50,4.00,0.53,-0.31,285.58,1248.78,90.88
